data_ulist_id,external_id,parent_external_id,name,image_url,tech_category,type,column_index,row_index,order_in_folder
us_destroyer_clemson_litchfield,us_destroyer_clemson_litchfield,,USS Litchfield,https://static.encyclopedia.warthunder.com/slots/us_destroyer_clemson_litchfield.png,standard,vehicle,0,0,
us_destroyer_clemson_barker,us_destroyer_clemson_barker,,USS Barker,https://static.encyclopedia.warthunder.com/slots/us_destroyer_clemson_barker.png,standard,vehicle,1,0,
us_destroyer_farragut_1942,us_destroyer_farragut_1942,us_destroyer_clemson_litchfield,USS Aylwin,https://static.encyclopedia.warthunder.com/slots/us_destroyer_farragut_1942.png,standard,vehicle,0,1,
us_destroyer_clemson_welborn_c_wood,us_destroyer_clemson_welborn_c_wood,,USS Welborn C. Wood,https://static.encyclopedia.warthunder.com/slots/us_destroyer_clemson_welborn_c_wood.png,premium,vehicle,0,0,
us_destroyer_sumner,us_destroyer_sumner,us_destroyer_farragut_1942,USS Sumner,https://static.encyclopedia.warthunder.com/slots/us_destroyer_sumner.png,standard,vehicle,0,0,
us_destroyer_bagley_class_bagley,us_destroyer_bagley_class_bagley,us_destroyer_clemson_barker,USS Bagley,https://static.encyclopedia.warthunder.com/slots/us_destroyer_bagley_class_bagley.png,standard,vehicle,1,0,
us_destroyer_gearing,us_destroyer_gearing,us_destroyer_sumner,USS Gearing,https://static.encyclopedia.warthunder.com/slots/us_destroyer_gearing.png,standard,vehicle,0,1,
us_destroyer_fletcher,us_destroyer_fletcher,us_destroyer_bagley_class_bagley,USS Fletcher,https://static.encyclopedia.warthunder.com/slots/us_destroyer_fletcher.png,standard,vehicle,1,1,
us_destroyer_mitscher,us_destroyer_mitscher,us_destroyer_fletcher,USS Mitscher,https://static.encyclopedia.warthunder.com/slots/us_destroyer_mitscher.png,standard,vehicle,1,2,
us_destroyer_mitscher_wilkinson,us_destroyer_mitscher_wilkinson,,USS Wilkinson,https://static.encyclopedia.warthunder.com/slots/us_destroyer_mitscher_wilkinson.png,premium,vehicle,0,0,
us_destroyer_porter_1941,us_destroyer_porter_1941,us_destroyer_gearing,USS Porter,https://static.encyclopedia.warthunder.com/slots/us_destroyer_porter_1941.png,standard,vehicle,0,0,
us_cruiser_omaha_class_trenton,us_cruiser_omaha_class_trenton,us_destroyer_mitscher,USS Trenton,https://static.encyclopedia.warthunder.com/slots/us_cruiser_omaha_class_trenton.png,standard,vehicle,1,0,
us_destroyer_somers,us_destroyer_somers,us_destroyer_porter_1941,USS Somers,https://static.encyclopedia.warthunder.com/slots/us_destroyer_somers.png,standard,vehicle,0,1,
us_cruiser_omaha_class_raleigh,us_cruiser_omaha_class_raleigh,us_cruiser_omaha_class_trenton,USS Raleigh,https://static.encyclopedia.warthunder.com/slots/us_cruiser_omaha_class_raleigh.png,standard,vehicle,1,1,
us_destroyer_gearing_frank_knox,us_destroyer_gearing_frank_knox,,USS Frank Knox,https://static.encyclopedia.warthunder.com/slots/us_destroyer_gearing_frank_knox.png,premium,vehicle,0,0,
us_destroyer_somers_davis,us_destroyer_somers_davis,,USS Davis,https://static.encyclopedia.warthunder.com/slots/us_destroyer_somers_davis.png,premium,vehicle,1,0,
us_destroyer_fletcher_cowell,us_destroyer_fletcher_cowell,,USS Cowell,https://static.encyclopedia.warthunder.com/slots/us_destroyer_fletcher_cowell.png,premium,vehicle,0,1,
us_destroyer_porter_1944,us_destroyer_porter_1944,,USS Phelps,https://static.encyclopedia.warthunder.com/slots/us_destroyer_porter_1944.png,premium,vehicle,1,1,
us_destroyer_porter_1942,us_destroyer_porter_1942,,USS Moffett,https://static.encyclopedia.warthunder.com/slots/us_destroyer_porter_1942.png,premium,vehicle,0,2,
us_cruiser_omaha_class_detroit,us_cruiser_omaha_class_detroit,,USS Detroit,https://static.encyclopedia.warthunder.com/slots/us_cruiser_omaha_class_detroit.png,premium,vehicle,1,2,
us_destroyer_fletcher_bennion,us_destroyer_fletcher_bennion,,USS Bennion,https://static.encyclopedia.warthunder.com/slots/us_destroyer_fletcher_bennion.png,premium,vehicle,0,3,
us_cruiser_atlanta_class_atlanta,us_cruiser_atlanta_class_atlanta,us_destroyer_somers,USS Atlanta,https://static.encyclopedia.warthunder.com/slots/us_cruiser_atlanta_class_atlanta.png,standard,vehicle,0,0,
us_cruiser_portland_class,us_cruiser_portland_class,us_cruiser_omaha_class_raleigh,USS Portland,https://static.encyclopedia.warthunder.com/slots/us_cruiser_portland_class.png,standard,vehicle,1,0,
us_cruiser_northampton_class,us_cruiser_northampton_class,,USS Northampton,https://static.encyclopedia.warthunder.com/slots/us_cruiser_northampton_class.png,standard,vehicle,2,0,
us_cruiser_pensacola_class,us_cruiser_pensacola_class,us_cruiser_portland_class,USS Pensacola,https://static.encyclopedia.warthunder.com/slots/us_cruiser_pensacola_class.png,standard,vehicle,1,1,
us_cruiser_new_orleans_class,us_cruiser_new_orleans_class,us_cruiser_northampton_class,USS New Orleans,https://static.encyclopedia.warthunder.com/slots/us_cruiser_new_orleans_class.png,standard,vehicle,2,1,
us_cruiser_brooklyn_class_helena,us_cruiser_brooklyn_class_helena,,USS Helena,https://static.encyclopedia.warthunder.com/slots/us_cruiser_brooklyn_class_helena.png,premium,vehicle,0,0,
us_cruiser_fargo_class,us_cruiser_fargo_class,us_cruiser_fargo_brooklyn_group,,https://static.encyclopedia.warthunder.com/slots/us_cruiser_fargo_class.png,standard,vehicle,0,0,0
us_cruiser_brooklyn_class_brooklyn,us_cruiser_brooklyn_class_brooklyn,us_cruiser_fargo_class,,https://static.encyclopedia.warthunder.com/slots/us_cruiser_brooklyn_class_brooklyn.png,standard,vehicle,0,0,1
us_cruiser_cleveland_class_cleveland,us_cruiser_cleveland_class_cleveland,us_cruiser_pensacola_class,USS Cleveland,https://static.encyclopedia.warthunder.com/slots/us_cruiser_cleveland_class_cleveland.png,standard,vehicle,1,0,
us_cruiser_baltimore_class_pittsburgh,us_cruiser_baltimore_class_pittsburgh,us_cruiser_new_orleans_class,USS Pittsburgh,https://static.encyclopedia.warthunder.com/slots/us_cruiser_baltimore_class_pittsburgh.png,standard,vehicle,2,0,
us_cruiser_worcester_class_roanoke,us_cruiser_worcester_class_roanoke,us_cruiser_fargo_brooklyn_group,USS Roanoke,https://static.encyclopedia.warthunder.com/slots/us_cruiser_worcester_class_roanoke.png,standard,vehicle,0,1,
us_battleship_north_dakota,us_battleship_north_dakota,us_cruiser_cleveland_class_cleveland,USS North Dakota,https://static.encyclopedia.warthunder.com/slots/us_battleship_north_dakota.png,standard,vehicle,1,1,
us_battleship_wyoming_class,us_battleship_wyoming_class,us_battleship_north_dakota,USS Wyoming,https://static.encyclopedia.warthunder.com/slots/us_battleship_wyoming_class.png,standard,vehicle,1,2,
us_cruiser_baltimore_class,us_cruiser_baltimore_class,,USS Baltimore,https://static.encyclopedia.warthunder.com/slots/us_cruiser_baltimore_class.png,standard,vehicle,0,0,
us_cruiser_des_moines_class_newport_news,us_cruiser_des_moines_class_newport_news,,USS Newport News,https://static.encyclopedia.warthunder.com/slots/us_cruiser_des_moines_class_newport_news.png,standard,vehicle,1,0,
us_battleship_arkansas,us_battleship_arkansas,,USS Arkansas,https://static.encyclopedia.warthunder.com/slots/us_battleship_arkansas.png,premium,vehicle,0,1,
us_cruiser_des_moines_class,us_cruiser_des_moines_class,,USS Des Moines,https://static.encyclopedia.warthunder.com/slots/us_cruiser_des_moines_class.png,premium,vehicle,1,1,
us_battleship_texas,us_battleship_texas,us_cruiser_worcester_class_roanoke,USS Texas,https://static.encyclopedia.warthunder.com/slots/us_battleship_texas.png,standard,vehicle,0,0,
us_battleship_nevada,us_battleship_nevada,us_battleship_wyoming_class,USS Nevada,https://static.encyclopedia.warthunder.com/slots/us_battleship_nevada.png,standard,vehicle,1,0,
us_battlecruiser_alaska_class,us_battlecruiser_alaska_class,us_cruiser_baltimore_class_pittsburgh,USS Alaska,https://static.encyclopedia.warthunder.com/slots/us_battlecruiser_alaska_class.png,standard,vehicle,2,0,
us_battleship_arizona_1931,us_battleship_arizona_1931,us_battleship_texas,USS Arizona,https://static.encyclopedia.warthunder.com/slots/us_battleship_arizona_1931.png,standard,vehicle,0,1,
us_battleship_tennessee,us_battleship_tennessee,us_battleship_nevada,USS Tennessee,https://static.encyclopedia.warthunder.com/slots/us_battleship_tennessee.png,standard,vehicle,1,1,
us_battleship_colorado_class_colorado,us_battleship_colorado_class_colorado,us_battleship_arizona_1931,USS Colorado,https://static.encyclopedia.warthunder.com/slots/us_battleship_colorado_class_colorado.png,standard,vehicle,0,2,
us_battleship_mississippi,us_battleship_mississippi,,USS Mississippi,https://static.encyclopedia.warthunder.com/slots/us_battleship_mississippi.png,standard,vehicle,0,0,
germ_destroyer_class1924_leopard1932,germ_destroyer_class1924_leopard1932,,,https://static.encyclopedia.warthunder.com/slots/germ_destroyer_class1924_leopard1932.png,standard,vehicle,0,0,
germ_destroyer_class1939_t22,germ_destroyer_class1939_t22,,,https://static.encyclopedia.warthunder.com/slots/germ_destroyer_class1939_t22.png,standard,vehicle,1,0,
germ_destroyer_class1934a_1944,germ_destroyer_class1934a_1944,germ_destroyer_class1924_leopard1932,,https://static.encyclopedia.warthunder.com/slots/germ_destroyer_class1934a_1944.png,standard,vehicle,0,1,
germ_kanonenboot_k2,germ_kanonenboot_k2,germ_destroyer_class1939_t22,,https://static.encyclopedia.warthunder.com/slots/germ_kanonenboot_k2.png,standard,vehicle,1,1,
germ_destroyer_class1924_iltis,germ_destroyer_class1924_iltis,,,https://static.encyclopedia.warthunder.com/slots/germ_destroyer_class1924_iltis.png,premium,vehicle,0,0,
germ_destroyer_class1934a_1940,germ_destroyer_class1934a_1940,germ_destroyer_class1934a_1944,,https://static.encyclopedia.warthunder.com/slots/germ_destroyer_class1934a_1940.png,standard,vehicle,0,0,
germ_destroyer_class1936_z20,germ_destroyer_class1936_z20,germ_kanonenboot_k2,,https://static.encyclopedia.warthunder.com/slots/germ_destroyer_class1936_z20.png,standard,vehicle,1,0,
germ_destroyer_class1936a_mob_z32,germ_destroyer_class1936a_mob_z32,germ_destroyer_class1934a_1940,,https://static.encyclopedia.warthunder.com/slots/germ_destroyer_class1936a_mob_z32.png,standard,vehicle,0,1,
germ_destroyer_class1936b,germ_destroyer_class1936b,germ_destroyer_class1936_z20,,https://static.encyclopedia.warthunder.com/slots/germ_destroyer_class1936b.png,standard,vehicle,1,1,
germ_destroyer_fletcher_zerstorer4,germ_destroyer_fletcher_zerstorer4,,,https://static.encyclopedia.warthunder.com/slots/germ_destroyer_fletcher_zerstorer4.png,premium,vehicle,0,0,
germ_destroyer_class1924_jaguar1941,germ_destroyer_class1924_jaguar1941,,,https://static.encyclopedia.warthunder.com/slots/germ_destroyer_class1924_jaguar1941.png,premium,vehicle,0,1,
germ_destroyer_class1936c_z46,germ_destroyer_class1936c_z46,germ_destroyer_class1936a_mob_z32,,https://static.encyclopedia.warthunder.com/slots/germ_destroyer_class1936c_z46.png,standard,vehicle,0,0,
germ_cruiser_elbing,germ_cruiser_elbing,germ_destroyer_class1936b,,https://static.encyclopedia.warthunder.com/slots/germ_cruiser_elbing.png,standard,vehicle,1,0,
germ_cruiser_emden_1944,germ_cruiser_emden_1944,germ_cruiser_elbing,,https://static.encyclopedia.warthunder.com/slots/germ_cruiser_emden_1944.png,standard,vehicle,1,1,
germ_destroyer_class1936c_z47,germ_destroyer_class1936c_z47,,,https://static.encyclopedia.warthunder.com/slots/germ_destroyer_class1936c_z47.png,premium,vehicle,0,0,
germ_destroyer_class1939_t31,germ_destroyer_class1939_t31,,,https://static.encyclopedia.warthunder.com/slots/germ_destroyer_class1939_t31.png,premium,vehicle,1,0,
germ_destroyer_class1936_z20_karlgalster,germ_destroyer_class1936_z20_karlgalster,,,https://static.encyclopedia.warthunder.com/slots/germ_destroyer_class1936_z20_karlgalster.png,premium,vehicle,0,1,
germ_destroyer_class1936a_z25,germ_destroyer_class1936a_z25,,,https://static.encyclopedia.warthunder.com/slots/germ_destroyer_class1936a_z25.png,premium,vehicle,1,1,
germ_cruiser_leipzig,germ_cruiser_leipzig,germ_destroyer_class1936c_z46,,https://static.encyclopedia.warthunder.com/slots/germ_cruiser_leipzig.png,standard,vehicle,0,0,
germ_cruiser_koln,germ_cruiser_koln,germ_cruiser_emden_1944,,https://static.encyclopedia.warthunder.com/slots/germ_cruiser_koln.png,standard,vehicle,1,0,
germ_cruiser_nurnberg,germ_cruiser_nurnberg,germ_cruiser_leipzig,,https://static.encyclopedia.warthunder.com/slots/germ_cruiser_nurnberg.png,standard,vehicle,0,1,
germ_cruiser_admiral_graf_spee,germ_cruiser_admiral_graf_spee,germ_cruiser_koln,,https://static.encyclopedia.warthunder.com/slots/germ_cruiser_admiral_graf_spee.png,standard,vehicle,1,1,
germ_cruiser_admiral_hipper,germ_cruiser_admiral_hipper,germ_cruiser_nurnberg,,https://static.encyclopedia.warthunder.com/slots/germ_cruiser_admiral_hipper.png,standard,vehicle,0,2,
germ_cruiser_karlsruhe,germ_cruiser_karlsruhe,,,https://static.encyclopedia.warthunder.com/slots/germ_cruiser_karlsruhe.png,premium,vehicle,0,0,
germ_cruiser_prinz_eugen,germ_cruiser_prinz_eugen,,,https://static.encyclopedia.warthunder.com/slots/germ_cruiser_prinz_eugen.png,premium,vehicle,0,1,
germ_battleship_westfalen,germ_battleship_westfalen,germ_cruiser_admiral_hipper,,https://static.encyclopedia.warthunder.com/slots/germ_battleship_westfalen.png,standard,vehicle,0,0,
germ_battlecruiser_von_der_tann,germ_battlecruiser_von_der_tann,germ_cruiser_admiral_graf_spee,,https://static.encyclopedia.warthunder.com/slots/germ_battlecruiser_von_der_tann.png,standard,vehicle,1,0,
germ_battleship_helgoland,germ_battleship_helgoland,germ_battleship_westfalen,,https://static.encyclopedia.warthunder.com/slots/germ_battleship_helgoland.png,standard,vehicle,0,1,
germ_battlecruiser_derfflinger,germ_battlecruiser_derfflinger,germ_battlecruiser_von_der_tann,,https://static.encyclopedia.warthunder.com/slots/germ_battlecruiser_derfflinger.png,standard,vehicle,1,1,
germ_battleship_kaiser,germ_battleship_kaiser,germ_battleship_helgoland,,https://static.encyclopedia.warthunder.com/slots/germ_battleship_kaiser.png,standard,vehicle,0,2,
germ_battleship_nassau,germ_battleship_nassau,,,https://static.encyclopedia.warthunder.com/slots/germ_battleship_nassau.png,premium,vehicle,0,0,
germ_battleship_ostfriesland,germ_battleship_ostfriesland,,,https://static.encyclopedia.warthunder.com/slots/germ_battleship_ostfriesland.png,standard,vehicle,0,1,
germ_battleship_bayern,germ_battleship_bayern,germ_battleship_kaiser,,https://static.encyclopedia.warthunder.com/slots/germ_battleship_bayern.png,standard,vehicle,0,0,
germ_battlecruiser_ersatz_yorck,germ_battlecruiser_ersatz_yorck,germ_battlecruiser_derfflinger,,https://static.encyclopedia.warthunder.com/slots/germ_battlecruiser_ersatz_yorck.png,standard,vehicle,1,0,
germ_battleship_sachsen,germ_battleship_sachsen,germ_battleship_bayern,,https://static.encyclopedia.warthunder.com/slots/germ_battleship_sachsen.png,standard,vehicle,0,1,
germ_battleship_scharnhorst,germ_battleship_scharnhorst,germ_battlecruiser_ersatz_yorck,,https://static.encyclopedia.warthunder.com/slots/germ_battleship_scharnhorst.png,standard,vehicle,1,1,
germ_battleship_baden,germ_battleship_baden,,,https://static.encyclopedia.warthunder.com/slots/germ_battleship_baden.png,standard,vehicle,0,0,
ussr_destroyer_frunze,ussr_destroyer_frunze,,,https://static.encyclopedia.warthunder.com/slots/ussr_destroyer_frunze.png,standard,vehicle,0,0,
ussr_destroyer_regele_ferdinand_class_letuchiy,ussr_destroyer_regele_ferdinand_class_letuchiy,,,https://static.encyclopedia.warthunder.com/slots/ussr_destroyer_regele_ferdinand_class_letuchiy.png,standard,vehicle,1,0,
ussr_destroyer_pr45,ussr_destroyer_pr45,ussr_destroyer_frunze,,https://static.encyclopedia.warthunder.com/slots/ussr_destroyer_pr45.png,standard,vehicle,0,1,
ussr_destroyer_pr30_ognevoy,ussr_destroyer_pr30_ognevoy,ussr_destroyer_regele_ferdinand_class_letuchiy,,https://static.encyclopedia.warthunder.com/slots/ussr_destroyer_pr30_ognevoy.png,standard,vehicle,1,1,
ussr_destroyer_7_besposhchadny,ussr_destroyer_7_besposhchadny,ussr_destroyer_pr45,,https://static.encyclopedia.warthunder.com/slots/ussr_destroyer_7_besposhchadny.png,standard,vehicle,0,2,
ussr_destroyer_kerch,ussr_destroyer_kerch,,,https://static.encyclopedia.warthunder.com/slots/ussr_destroyer_kerch.png,premium,vehicle,0,0,
ussr_destroyer_7_ryany,ussr_destroyer_7_ryany,,,https://static.encyclopedia.warthunder.com/slots/ussr_destroyer_7_ryany.png,premium,vehicle,0,1,
ussr_destroyer_moskva,ussr_destroyer_moskva,ussr_destroyer_7_besposhchadny,,https://static.encyclopedia.warthunder.com/slots/ussr_destroyer_moskva.png,standard,vehicle,0,0,
ussr_destroyer_pr30bis_bezuprechnyi,ussr_destroyer_pr30bis_bezuprechnyi,ussr_destroyer_pr30_ognevoy,,https://static.encyclopedia.warthunder.com/slots/ussr_destroyer_pr30bis_bezuprechnyi.png,standard,vehicle,1,0,
ussr_destroyer_7y,ussr_destroyer_7y,ussr_destroyer_moskva,,https://static.encyclopedia.warthunder.com/slots/ussr_destroyer_7y.png,standard,vehicle,0,1,
ussr_destroyer_pr20_tashkent,ussr_destroyer_pr20_tashkent,ussr_destroyer_pr30bis_bezuprechnyi,,https://static.encyclopedia.warthunder.com/slots/ussr_destroyer_pr20_tashkent.png,standard,vehicle,1,1,
ussr_destroyer_pr30bis_smelyi,ussr_destroyer_pr30bis_smelyi,,,https://static.encyclopedia.warthunder.com/slots/ussr_destroyer_pr30bis_smelyi.png,premium,vehicle,0,0,
ussr_cruiser_krasnyi_kavkaz,ussr_cruiser_krasnyi_kavkaz,ussr_destroyer_7y,,https://static.encyclopedia.warthunder.com/slots/ussr_cruiser_krasnyi_kavkaz.png,standard,vehicle,0,0,
ussr_destroyer_pr56_spokoinyy,ussr_destroyer_pr56_spokoinyy,ussr_destroyer_pr20_tashkent,,https://static.encyclopedia.warthunder.com/slots/ussr_destroyer_pr56_spokoinyy.png,standard,vehicle,1,0,
ussr_cruiser_krasnyi_krim,ussr_cruiser_krasnyi_krim,ussr_cruiser_krasnyi_kavkaz,,https://static.encyclopedia.warthunder.com/slots/ussr_cruiser_krasnyi_krim.png,standard,vehicle,0,1,
ussr_destroyer_leningrad,ussr_destroyer_leningrad,,,https://static.encyclopedia.warthunder.com/slots/ussr_destroyer_leningrad.png,premium,vehicle,0,0,
ussr_destroyer_7y_stroyny,ussr_destroyer_7y_stroyny,,,https://static.encyclopedia.warthunder.com/slots/ussr_destroyer_7y_stroyny.png,premium,vehicle,1,0,
ussr_destroyer_pr56_blagorodny,ussr_destroyer_pr56_blagorodny,,,https://static.encyclopedia.warthunder.com/slots/ussr_destroyer_pr56_blagorodny.png,premium,vehicle,0,1,
ussr_cruiser_omaha_class_murmansk,ussr_cruiser_omaha_class_murmansk,,,https://static.encyclopedia.warthunder.com/slots/ussr_cruiser_omaha_class_murmansk.png,premium,vehicle,1,1,
ussr_destroyer_pr41_neustrashimy,ussr_destroyer_pr41_neustrashimy,,,https://static.encyclopedia.warthunder.com/slots/ussr_destroyer_pr41_neustrashimy.png,premium,vehicle,1,2,
ussr_cruiser_kirov,ussr_cruiser_kirov,ussr_cruiser_krasnyi_krim,,https://static.encyclopedia.warthunder.com/slots/ussr_cruiser_kirov.png,standard,vehicle,0,0,
ussr_destroyer_pr56_bravy,ussr_destroyer_pr56_bravy,ussr_destroyer_pr56_spokoinyy,,https://static.encyclopedia.warthunder.com/slots/ussr_destroyer_pr56_bravy.png,standard,vehicle,1,0,
ussr_cruiser_chapayev,ussr_cruiser_chapayev,ussr_cruiser_kirov,,https://static.encyclopedia.warthunder.com/slots/ussr_cruiser_chapayev.png,standard,vehicle,0,1,
ussr_cruiser_kerch,ussr_cruiser_kerch,,,https://static.encyclopedia.warthunder.com/slots/ussr_cruiser_kerch.png,premium,vehicle,0,0,
ussr_cruiser_voroshilov,ussr_cruiser_voroshilov,,,https://static.encyclopedia.warthunder.com/slots/ussr_cruiser_voroshilov.png,standard,vehicle,1,0,
ussr_cruiser_zheleznyakov,ussr_cruiser_zheleznyakov,,,https://static.encyclopedia.warthunder.com/slots/ussr_cruiser_zheleznyakov.png,premium,vehicle,0,1,
ussr_cruiser_sverdlov,ussr_cruiser_sverdlov,ussr_cruiser_chapayev,,https://static.encyclopedia.warthunder.com/slots/ussr_cruiser_sverdlov.png,standard,vehicle,0,0,
ussr_cruiser_mikhail_kutuzov,ussr_cruiser_mikhail_kutuzov,ussr_destroyer_pr56_bravy,,https://static.encyclopedia.warthunder.com/slots/ussr_cruiser_mikhail_kutuzov.png,standard,vehicle,1,0,
ussr_battleship_poltava,ussr_battleship_poltava,ussr_cruiser_sverdlov,,https://static.encyclopedia.warthunder.com/slots/ussr_battleship_poltava.png,standard,vehicle,0,1,
ussr_battleship_imperatritsa_mariya,ussr_battleship_imperatritsa_mariya,ussr_cruiser_mikhail_kutuzov,,https://static.encyclopedia.warthunder.com/slots/ussr_battleship_imperatritsa_mariya.png,standard,vehicle,1,1,
ussr_battleship_parizhskaya_kommuna,ussr_battleship_parizhskaya_kommuna,ussr_battleship_poltava,,https://static.encyclopedia.warthunder.com/slots/ussr_battleship_parizhskaya_kommuna.png,standard,vehicle,0,2,
ussr_cruiser_shcherbakov,ussr_cruiser_shcherbakov,,,https://static.encyclopedia.warthunder.com/slots/ussr_cruiser_shcherbakov.png,standard,vehicle,0,0,
ussr_cruiser_maxim_gorky,ussr_cruiser_maxim_gorky,,,https://static.encyclopedia.warthunder.com/slots/ussr_cruiser_maxim_gorky.png,standard,vehicle,1,0,
ussr_battleship_marat,ussr_battleship_marat,,,https://static.encyclopedia.warthunder.com/slots/ussr_battleship_marat.png,premium,vehicle,0,1,
ussr_battleship_novorossiysk,ussr_battleship_novorossiysk,ussr_battleship_parizhskaya_kommuna,,https://static.encyclopedia.warthunder.com/slots/ussr_battleship_novorossiysk.png,standard,vehicle,0,0,
ussr_battlecruiser_izmail,ussr_battlecruiser_izmail,ussr_battleship_imperatritsa_mariya,,https://static.encyclopedia.warthunder.com/slots/ussr_battlecruiser_izmail.png,standard,vehicle,1,0,
ussr_battleship_arhangelsk,ussr_battleship_arhangelsk,ussr_battleship_novorossiysk,,https://static.encyclopedia.warthunder.com/slots/ussr_battleship_arhangelsk.png,standard,vehicle,0,1,
ussr_battlecruiser_kronshtadt,ussr_battlecruiser_kronshtadt,ussr_battlecruiser_izmail,,https://static.encyclopedia.warthunder.com/slots/ussr_battlecruiser_kronshtadt.png,standard,vehicle,1,1,
uk_destroyer_v_class_vega,uk_destroyer_v_class_vega,,,https://static.encyclopedia.warthunder.com/slots/uk_destroyer_v_class_vega.png,standard,vehicle,0,0,
uk_destroyer_g_grafton,uk_destroyer_g_grafton,,,https://static.encyclopedia.warthunder.com/slots/uk_destroyer_g_grafton.png,standard,vehicle,1,0,
uk_destroyer_clemson_churchill,uk_destroyer_clemson_churchill,,,https://static.encyclopedia.warthunder.com/slots/uk_destroyer_clemson_churchill.png,standard,vehicle,2,0,
uk_destroyer_hunt_2series,uk_destroyer_hunt_2series,uk_destroyer_v_class_vega,,https://static.encyclopedia.warthunder.com/slots/uk_destroyer_hunt_2series.png,standard,vehicle,0,1,
uk_destroyer_v_class_verdun,uk_destroyer_v_class_verdun,,,https://static.encyclopedia.warthunder.com/slots/uk_destroyer_v_class_verdun.png,premium,vehicle,0,0,
uk_destroyer_clemson_montgomery_g95,uk_destroyer_clemson_montgomery_g95,,,https://static.encyclopedia.warthunder.com/slots/uk_destroyer_clemson_montgomery_g95.png,premium,vehicle,1,0,
uk_destroyer_v_class_valhalla,uk_destroyer_v_class_valhalla,,,https://static.encyclopedia.warthunder.com/slots/uk_destroyer_v_class_valhalla.png,premium,vehicle,0,1,
uk_destroyer_tribal,uk_destroyer_tribal,uk_destroyer_hunt_2series,,https://static.encyclopedia.warthunder.com/slots/uk_destroyer_tribal.png,standard,vehicle,0,0,
uk_destroyer_hunt_4series,uk_destroyer_hunt_4series,uk_destroyer_g_grafton,,https://static.encyclopedia.warthunder.com/slots/uk_destroyer_hunt_4series.png,standard,vehicle,1,0,
uk_minelayer_abdiel_class_abdiel,uk_minelayer_abdiel_class_abdiel,,,https://static.encyclopedia.warthunder.com/slots/uk_minelayer_abdiel_class_abdiel.png,standard,vehicle,2,0,
uk_destroyer_n_class,uk_destroyer_n_class,uk_destroyer_tribal,,https://static.encyclopedia.warthunder.com/slots/uk_destroyer_n_class.png,standard,vehicle,0,1,
uk_destroyer_k_class,uk_destroyer_k_class,uk_destroyer_hunt_4series,,https://static.encyclopedia.warthunder.com/slots/uk_destroyer_k_class.png,standard,vehicle,1,1,
uk_destroyer_j_class,uk_destroyer_j_class,,,https://static.encyclopedia.warthunder.com/slots/uk_destroyer_j_class.png,premium,vehicle,0,0,
uk_destroyer_g_garland,uk_destroyer_g_garland,,,https://static.encyclopedia.warthunder.com/slots/uk_destroyer_g_garland.png,premium,vehicle,1,0,
uk_destroyer_tribal_mohawk,uk_destroyer_tribal_mohawk,,,https://static.encyclopedia.warthunder.com/slots/uk_destroyer_tribal_mohawk.png,premium,vehicle,0,1,
uk_destroyer_battle_2series,uk_destroyer_battle_2series,uk_destroyer_battle_group,,https://static.encyclopedia.warthunder.com/slots/uk_destroyer_battle_2series.png,standard,vehicle,0,0,0
uk_destroyer_battle_tobruk,uk_destroyer_battle_tobruk,uk_destroyer_battle_2series,,https://static.encyclopedia.warthunder.com/slots/uk_destroyer_battle_tobruk.png,standard,vehicle,0,0,1
uk_destroyer_daring_class_diana,uk_destroyer_daring_class_diana,uk_destroyer_daring_group,,https://static.encyclopedia.warthunder.com/slots/uk_destroyer_daring_class_diana.png,standard,vehicle,1,0,0
uk_destroyer_daring_class_daring,uk_destroyer_daring_class_daring,uk_destroyer_daring_class_diana,,https://static.encyclopedia.warthunder.com/slots/uk_destroyer_daring_class_daring.png,standard,vehicle,1,0,1
uk_cruiser_enterprise_d52,uk_cruiser_enterprise_d52,uk_minelayer_abdiel_class_abdiel,,https://static.encyclopedia.warthunder.com/slots/uk_cruiser_enterprise_d52.png,standard,vehicle,2,0,
uk_cruiser_arethusa,uk_cruiser_arethusa,uk_destroyer_battle_group,,https://static.encyclopedia.warthunder.com/slots/uk_cruiser_arethusa.png,standard,vehicle,0,1,
uk_cruiser_hawkins,uk_cruiser_hawkins,uk_cruiser_enterprise_d52,,https://static.encyclopedia.warthunder.com/slots/uk_cruiser_hawkins.png,standard,vehicle,2,1,
uk_destroyer_haida,uk_destroyer_haida,,,https://static.encyclopedia.warthunder.com/slots/uk_destroyer_haida.png,premium,vehicle,0,0,
uk_destroyer_battle_cadiz,uk_destroyer_battle_cadiz,,,https://static.encyclopedia.warthunder.com/slots/uk_destroyer_battle_cadiz.png,premium,vehicle,1,0,
uk_destroyer_daring_class_diamond,uk_destroyer_daring_class_diamond,,,https://static.encyclopedia.warthunder.com/slots/uk_destroyer_daring_class_diamond.png,premium,vehicle,0,1,
uk_cruiser_leander,uk_cruiser_leander,uk_cruiser_arethusa,,https://static.encyclopedia.warthunder.com/slots/uk_cruiser_leander.png,standard,vehicle,0,0,
uk_cruiser_dido,uk_cruiser_dido,uk_destroyer_daring_group,,https://static.encyclopedia.warthunder.com/slots/uk_cruiser_dido.png,standard,vehicle,1,0,
uk_cruiser_kent,uk_cruiser_kent,uk_cruiser_kent_norfolk_group,,https://static.encyclopedia.warthunder.com/slots/uk_cruiser_kent.png,standard,vehicle,2,0,0
uk_cruiser_norfolk,uk_cruiser_norfolk,uk_cruiser_kent,,https://static.encyclopedia.warthunder.com/slots/uk_cruiser_norfolk.png,standard,vehicle,2,0,1
uk_cruiser_southampton,uk_cruiser_southampton,uk_cruiser_leander,,https://static.encyclopedia.warthunder.com/slots/uk_cruiser_southampton.png,standard,vehicle,0,1,
uk_cruiser_york,uk_cruiser_york,uk_cruiser_dido,,https://static.encyclopedia.warthunder.com/slots/uk_cruiser_york.png,standard,vehicle,1,1,
uk_cruiser_london,uk_cruiser_london,uk_cruiser_kent_norfolk_group,,https://static.encyclopedia.warthunder.com/slots/uk_cruiser_london.png,standard,vehicle,2,1,
uk_cruiser_liverpool,uk_cruiser_liverpool,,,https://static.encyclopedia.warthunder.com/slots/uk_cruiser_liverpool.png,standard,vehicle,0,0,
uk_cruiser_belfast,uk_cruiser_belfast,,,https://static.encyclopedia.warthunder.com/slots/uk_cruiser_belfast.png,premium,vehicle,0,1,
uk_battleship_dreadnought,uk_battleship_dreadnought,uk_cruiser_southampton,,https://static.encyclopedia.warthunder.com/slots/uk_battleship_dreadnought.png,standard,vehicle,0,0,
uk_battleship_colossus,uk_battleship_colossus,uk_cruiser_york,,https://static.encyclopedia.warthunder.com/slots/uk_battleship_colossus.png,standard,vehicle,1,0,
uk_battlecruiser_invincible,uk_battlecruiser_invincible,uk_cruiser_london,,https://static.encyclopedia.warthunder.com/slots/uk_battlecruiser_invincible.png,standard,vehicle,2,0,
uk_battleship_orion,uk_battleship_orion,uk_battleship_dreadnought,,https://static.encyclopedia.warthunder.com/slots/uk_battleship_orion.png,standard,vehicle,0,1,
uk_battlecruiser_glorious,uk_battlecruiser_glorious,uk_battlecruiser_invincible,,https://static.encyclopedia.warthunder.com/slots/uk_battlecruiser_glorious.png,standard,vehicle,2,1,
uk_battlecruiser_queen_mary,uk_battlecruiser_queen_mary,uk_battlecruiser_glorious,,https://static.encyclopedia.warthunder.com/slots/uk_battlecruiser_queen_mary.png,standard,vehicle,2,2,
uk_battleship_iron_duke,uk_battleship_iron_duke,,,https://static.encyclopedia.warthunder.com/slots/uk_battleship_iron_duke.png,premium,vehicle,0,0,
uk_cruiser_tiger,uk_cruiser_tiger,,,https://static.encyclopedia.warthunder.com/slots/uk_cruiser_tiger.png,standard,vehicle,1,0,
uk_battlecruiser_renown,uk_battlecruiser_renown,,,https://static.encyclopedia.warthunder.com/slots/uk_battlecruiser_renown.png,standard,vehicle,0,1,
uk_battleship_marlborough,uk_battleship_marlborough,uk_battleship_orion,,https://static.encyclopedia.warthunder.com/slots/uk_battleship_marlborough.png,standard,vehicle,0,0,
uk_battleship_rodney,uk_battleship_rodney,uk_battleship_colossus,,https://static.encyclopedia.warthunder.com/slots/uk_battleship_rodney.png,standard,vehicle,1,0,
uk_battlecruiser_repulse,uk_battlecruiser_repulse,uk_battlecruiser_queen_mary,,https://static.encyclopedia.warthunder.com/slots/uk_battlecruiser_repulse.png,standard,vehicle,2,0,
uk_battleship_q_elizabet_class_warspite,uk_battleship_q_elizabet_class_warspite,uk_battleship_marlborough,,https://static.encyclopedia.warthunder.com/slots/uk_battleship_q_elizabet_class_warspite.png,standard,vehicle,0,1,
uk_battlecruiser_hood,uk_battlecruiser_hood,uk_battlecruiser_repulse,,https://static.encyclopedia.warthunder.com/slots/uk_battlecruiser_hood.png,standard,vehicle,2,1,
uk_battleship_q_elizabet_class_barham,uk_battleship_q_elizabet_class_barham,,,https://static.encyclopedia.warthunder.com/slots/uk_battleship_q_elizabet_class_barham.png,standard,vehicle,0,0,
jp_destroyer_momi,jp_destroyer_momi,,,https://static.encyclopedia.warthunder.com/slots/jp_destroyer_momi.png,standard,vehicle,0,0,
jp_destroyer_mutsuki,jp_destroyer_mutsuki,,,https://static.encyclopedia.warthunder.com/slots/jp_destroyer_mutsuki.png,standard,vehicle,1,0,
jp_destroyer_matsu,jp_destroyer_matsu,jp_destroyer_momi,,https://static.encyclopedia.warthunder.com/slots/jp_destroyer_matsu.png,standard,vehicle,0,1,
jp_destroyer_fubuki,jp_destroyer_fubuki,jp_destroyer_mutsuki,,https://static.encyclopedia.warthunder.com/slots/jp_destroyer_fubuki.png,standard,vehicle,1,1,
jp_destroyer_satsuki,jp_destroyer_satsuki,,,https://static.encyclopedia.warthunder.com/slots/jp_destroyer_satsuki.png,premium,vehicle,0,0,
jp_destroyer_harukaze,jp_destroyer_harukaze,jp_destroyer_matsu,,https://static.encyclopedia.warthunder.com/slots/jp_destroyer_harukaze.png,standard,vehicle,0,0,
jp_destroyer_yugumo,jp_destroyer_yugumo,jp_destroyer_fubuki,,https://static.encyclopedia.warthunder.com/slots/jp_destroyer_yugumo.png,standard,vehicle,1,0,
jp_destroyer_murasame,jp_destroyer_murasame,jp_destroyer_harukaze,,https://static.encyclopedia.warthunder.com/slots/jp_destroyer_murasame.png,standard,vehicle,0,1,
jp_destroyer_hatsuharu,jp_destroyer_hatsuharu,jp_destroyer_yugumo,,https://static.encyclopedia.warthunder.com/slots/jp_destroyer_hatsuharu.png,standard,vehicle,1,1,
jp_destroyer_nenohi,jp_destroyer_nenohi,,,https://static.encyclopedia.warthunder.com/slots/jp_destroyer_nenohi.png,premium,vehicle,0,0,
jp_destroyer_hayanami,jp_destroyer_hayanami,,,https://static.encyclopedia.warthunder.com/slots/jp_destroyer_hayanami.png,premium,vehicle,1,0,
jp_destroyer_yugure,jp_destroyer_yugure,,,https://static.encyclopedia.warthunder.com/slots/jp_destroyer_yugure.png,premium,vehicle,0,1,
jp_destroyer_akizuki,jp_destroyer_akizuki,jp_destroyer_murasame,,https://static.encyclopedia.warthunder.com/slots/jp_destroyer_akizuki.png,standard,vehicle,0,0,
jp_cruiser_isuzu,jp_cruiser_isuzu,jp_destroyer_hatsuharu,,https://static.encyclopedia.warthunder.com/slots/jp_cruiser_isuzu.png,standard,vehicle,1,0,
jp_cruiser_kako,jp_cruiser_kako,jp_destroyer_akizuki,,https://static.encyclopedia.warthunder.com/slots/jp_cruiser_kako.png,standard,vehicle,0,1,
jp_cruiser_kuma,jp_cruiser_kuma,jp_cruiser_isuzu,,https://static.encyclopedia.warthunder.com/slots/jp_cruiser_kuma.png,standard,vehicle,1,1,
jp_cruiser_sendai,jp_cruiser_sendai,jp_cruiser_kuma,,https://static.encyclopedia.warthunder.com/slots/jp_cruiser_sendai.png,standard,vehicle,1,2,
jp_destroyer_kiyoshimo,jp_destroyer_kiyoshimo,,,https://static.encyclopedia.warthunder.com/slots/jp_destroyer_kiyoshimo.png,premium,vehicle,0,0,
jp_destroyer_hatsuzuki,jp_destroyer_hatsuzuki,,,https://static.encyclopedia.warthunder.com/slots/jp_destroyer_hatsuzuki.png,standard,vehicle,1,0,
jp_cruiser_yubari,jp_cruiser_yubari,,,https://static.encyclopedia.warthunder.com/slots/jp_cruiser_yubari.png,premium,vehicle,0,1,
jp_destroyer_yuudachi,jp_destroyer_yuudachi,,,https://static.encyclopedia.warthunder.com/slots/jp_destroyer_yuudachi.png,premium,vehicle,1,1,
jp_destroyer_shimakaze,jp_destroyer_shimakaze,,,https://static.encyclopedia.warthunder.com/slots/jp_destroyer_shimakaze.png,standard,vehicle,0,2,
jp_cruiser_furutaka,jp_cruiser_furutaka,jp_cruiser_kako,,https://static.encyclopedia.warthunder.com/slots/jp_cruiser_furutaka.png,standard,vehicle,0,0,
jp_cruiser_agano,jp_cruiser_agano,jp_cruiser_sendai,,https://static.encyclopedia.warthunder.com/slots/jp_cruiser_agano.png,standard,vehicle,1,0,
jp_armoredcruiser_ikoma,jp_armoredcruiser_ikoma,,,https://static.encyclopedia.warthunder.com/slots/jp_armoredcruiser_ikoma.png,standard,vehicle,2,0,
jp_cruiser_aoba,jp_cruiser_aoba,jp_cruiser_furutaka,,https://static.encyclopedia.warthunder.com/slots/jp_cruiser_aoba.png,standard,vehicle,0,1,
jp_cruiser_haguro,jp_cruiser_haguro,jp_cruiser_aoba,,https://static.encyclopedia.warthunder.com/slots/jp_cruiser_haguro.png,standard,vehicle,0,2,
jp_cruiser_myoko,jp_cruiser_myoko,,,https://static.encyclopedia.warthunder.com/slots/jp_cruiser_myoko.png,premium,vehicle,0,0,
jp_cruiser_tone,jp_cruiser_tone,jp_cruiser_haguro,,https://static.encyclopedia.warthunder.com/slots/jp_cruiser_tone.png,standard,vehicle,0,0,
jp_cruiser_mogami_suzuya,jp_cruiser_mogami_suzuya,jp_cruiser_agano,,https://static.encyclopedia.warthunder.com/slots/jp_cruiser_mogami_suzuya.png,standard,vehicle,1,0,
jp_battleship_settsu,jp_battleship_settsu,jp_cruiser_tone,,https://static.encyclopedia.warthunder.com/slots/jp_battleship_settsu.png,standard,vehicle,0,1,
jp_cruiser_mogami,jp_cruiser_mogami,jp_cruiser_mogami_suzuya,,https://static.encyclopedia.warthunder.com/slots/jp_cruiser_mogami.png,standard,vehicle,1,1,
jp_battleship_hyuga,jp_battleship_hyuga,jp_cruiser_mogami,,https://static.encyclopedia.warthunder.com/slots/jp_battleship_hyuga.png,standard,vehicle,1,2,
jp_cruiser_mogami_mikuma,jp_cruiser_mogami_mikuma,,,https://static.encyclopedia.warthunder.com/slots/jp_cruiser_mogami_mikuma.png,premium,vehicle,0,0,
jp_armoredcruiser_kurama,jp_armoredcruiser_kurama,,,https://static.encyclopedia.warthunder.com/slots/jp_armoredcruiser_kurama.png,standard,vehicle,1,0,
jp_battleship_yamashiro,jp_battleship_yamashiro,,,https://static.encyclopedia.warthunder.com/slots/jp_battleship_yamashiro.png,premium,vehicle,0,1,
jp_battlecruiser_haruna,jp_battlecruiser_haruna,,,https://static.encyclopedia.warthunder.com/slots/jp_battlecruiser_haruna.png,standard,vehicle,1,1,
jp_battlecruiser_kirishima,jp_battlecruiser_kirishima,,,https://static.encyclopedia.warthunder.com/slots/jp_battlecruiser_kirishima.png,standard,vehicle,1,2,
jp_battleship_fuso,jp_battleship_fuso,jp_battleship_settsu,,https://static.encyclopedia.warthunder.com/slots/jp_battleship_fuso.png,standard,vehicle,0,0,
jp_battleship_ise,jp_battleship_ise,jp_battleship_hyuga,,https://static.encyclopedia.warthunder.com/slots/jp_battleship_ise.png,standard,vehicle,1,0,
jp_battlecruiser_kongo,jp_battlecruiser_kongo,jp_armoredcruiser_ikoma,,https://static.encyclopedia.warthunder.com/slots/jp_battlecruiser_kongo.png,standard,vehicle,2,0,
jp_battlecruiser_amagi,jp_battlecruiser_amagi,jp_battleship_ise,,https://static.encyclopedia.warthunder.com/slots/jp_battlecruiser_amagi.png,standard,vehicle,1,1,
jp_battleship_mutsu,jp_battleship_mutsu,jp_battlecruiser_kongo,,https://static.encyclopedia.warthunder.com/slots/jp_battleship_mutsu.png,standard,vehicle,2,1,
it_destroyer_turbine,it_destroyer_turbine,,,https://static.encyclopedia.warthunder.com/slots/it_destroyer_turbine.png,standard,vehicle,0,0,
it_destroyer_vifor_class_aquila,it_destroyer_vifor_class_aquila,,,https://static.encyclopedia.warthunder.com/slots/it_destroyer_vifor_class_aquila.png,standard,vehicle,1,0,
it_destroyer_dardo,it_destroyer_dardo,it_destroyer_turbine,,https://static.encyclopedia.warthunder.com/slots/it_destroyer_dardo.png,standard,vehicle,0,1,
it_destroyer_maestrale_class_grecale,it_destroyer_maestrale_class_grecale,it_destroyer_vifor_class_aquila,,https://static.encyclopedia.warthunder.com/slots/it_destroyer_maestrale_class_grecale.png,standard,vehicle,1,1,
it_destroyer_aquilone,it_destroyer_aquilone,,,https://static.encyclopedia.warthunder.com/slots/it_destroyer_aquilone.png,premium,vehicle,0,0,
it_destroyer_leone_class,it_destroyer_leone_class,it_destroyer_dardo,,https://static.encyclopedia.warthunder.com/slots/it_destroyer_leone_class.png,standard,vehicle,0,0,
it_destroyer_comandanti_medaglie_doro,it_destroyer_comandanti_medaglie_doro,it_destroyer_maestrale_class_grecale,,https://static.encyclopedia.warthunder.com/slots/it_destroyer_comandanti_medaglie_doro.png,standard,vehicle,1,0,
it_destroyer_soldati_serie1_camicianera,it_destroyer_soldati_serie1_camicianera,it_destroyer_leone_class,,https://static.encyclopedia.warthunder.com/slots/it_destroyer_soldati_serie1_camicianera.png,standard,vehicle,0,1,
it_destroyer_impetuoso_class_impetuoso,it_destroyer_impetuoso_class_impetuoso,it_destroyer_comandanti_medaglie_doro,,https://static.encyclopedia.warthunder.com/slots/it_destroyer_impetuoso_class_impetuoso.png,standard,vehicle,1,1,
it_destroyer_fletcher_geniere,it_destroyer_fletcher_geniere,,,https://static.encyclopedia.warthunder.com/slots/it_destroyer_fletcher_geniere.png,premium,vehicle,0,0,
it_destroyer_navigatori_class_verazzano,it_destroyer_navigatori_class_verazzano,it_destroyer_soldati_serie1_camicianera,,https://static.encyclopedia.warthunder.com/slots/it_destroyer_navigatori_class_verazzano.png,standard,vehicle,0,0,
it_cruiser_etna_class,it_cruiser_etna_class,it_destroyer_impetuoso_class_impetuoso,,https://static.encyclopedia.warthunder.com/slots/it_cruiser_etna_class.png,standard,vehicle,1,0,
it_cruiser_bartolomeocolleoni_1940,it_cruiser_bartolomeocolleoni_1940,it_destroyer_navigatori_class_verazzano,,https://static.encyclopedia.warthunder.com/slots/it_cruiser_bartolomeocolleoni_1940.png,standard,vehicle,0,1,
it_cruiser_capitani_romani_class_attilio_regolo,it_cruiser_capitani_romani_class_attilio_regolo,it_cruiser_etna_class,,https://static.encyclopedia.warthunder.com/slots/it_cruiser_capitani_romani_class_attilio_regolo.png,standard,vehicle,1,1,
it_destroyer_leone_class_tigre,it_destroyer_leone_class_tigre,,,https://static.encyclopedia.warthunder.com/slots/it_destroyer_leone_class_tigre.png,premium,vehicle,0,0,
it_destroyer_soldati_serie1,it_destroyer_soldati_serie1,,,https://static.encyclopedia.warthunder.com/slots/it_destroyer_soldati_serie1.png,premium,vehicle,1,0,
it_destroyer_soldati_serie1_geniere,it_destroyer_soldati_serie1_geniere,,,https://static.encyclopedia.warthunder.com/slots/it_destroyer_soldati_serie1_geniere.png,premium,vehicle,0,1,
it_cruiser_montecuccoli,it_cruiser_montecuccoli,it_cruiser_bartolomeocolleoni_1940,,https://static.encyclopedia.warthunder.com/slots/it_cruiser_montecuccoli.png,standard,vehicle,0,0,
it_cruiser_trento,it_cruiser_trento,it_cruiser_capitani_romani_class_attilio_regolo,,https://static.encyclopedia.warthunder.com/slots/it_cruiser_trento.png,standard,vehicle,1,0,
it_cruiser_eugenio_di_savoia,it_cruiser_eugenio_di_savoia,it_cruiser_montecuccoli,,https://static.encyclopedia.warthunder.com/slots/it_cruiser_eugenio_di_savoia.png,standard,vehicle,0,1,
it_cruiser_bolzano,it_cruiser_bolzano,it_cruiser_trento,,https://static.encyclopedia.warthunder.com/slots/it_cruiser_bolzano.png,standard,vehicle,1,1,
it_cruiser_zara_class_pola,it_cruiser_zara_class_pola,,,https://static.encyclopedia.warthunder.com/slots/it_cruiser_zara_class_pola.png,premium,vehicle,0,0,
it_cruiser_garibaldi_class_abruzzi,it_cruiser_garibaldi_class_abruzzi,it_cruiser_eugenio_di_savoia,,https://static.encyclopedia.warthunder.com/slots/it_cruiser_garibaldi_class_abruzzi.png,standard,vehicle,0,0,
it_cruiser_zara_class,it_cruiser_zara_class,it_cruiser_bolzano,,https://static.encyclopedia.warthunder.com/slots/it_cruiser_zara_class.png,standard,vehicle,1,0,
it_battleship_dante_alighieri,it_battleship_dante_alighieri,it_cruiser_garibaldi_class_abruzzi,,https://static.encyclopedia.warthunder.com/slots/it_battleship_dante_alighieri.png,standard,vehicle,0,1,
it_battleship_andrea_doria,it_battleship_andrea_doria,it_cruiser_zara_class,,https://static.encyclopedia.warthunder.com/slots/it_battleship_andrea_doria.png,standard,vehicle,1,1,
it_battleship_francesco_caracciolo,it_battleship_francesco_caracciolo,it_battleship_dante_alighieri,,https://static.encyclopedia.warthunder.com/slots/it_battleship_francesco_caracciolo.png,standard,vehicle,0,2,
it_battleship_leonardo_da_vinci,it_battleship_leonardo_da_vinci,,,https://static.encyclopedia.warthunder.com/slots/it_battleship_leonardo_da_vinci.png,premium,vehicle,0,0,
it_battleship_conte_di_cavour,it_battleship_conte_di_cavour,it_battleship_francesco_caracciolo,,https://static.encyclopedia.warthunder.com/slots/it_battleship_conte_di_cavour.png,standard,vehicle,0,0,
it_battleship_caio_duilio,it_battleship_caio_duilio,it_battleship_andrea_doria,,https://static.encyclopedia.warthunder.com/slots/it_battleship_caio_duilio.png,standard,vehicle,1,0,
fr_destroyer_bourrasque_class_bourrasque,fr_destroyer_bourrasque_class_bourrasque,,,https://static.encyclopedia.warthunder.com/slots/fr_destroyer_bourrasque_class_bourrasque.png,standard,vehicle,0,0,
fr_destroyer_jaguar_class_leopard,fr_destroyer_jaguar_class_leopard,,,https://static.encyclopedia.warthunder.com/slots/fr_destroyer_jaguar_class_leopard.png,standard,vehicle,1,0,
fr_destroyer_hunt_3series,fr_destroyer_hunt_3series,fr_destroyer_bourrasque_class_bourrasque,,https://static.encyclopedia.warthunder.com/slots/fr_destroyer_hunt_3series.png,standard,vehicle,0,1,
fr_destroyer_jaguar_class_chacal,fr_destroyer_jaguar_class_chacal,fr_destroyer_jaguar_class_leopard,,https://static.encyclopedia.warthunder.com/slots/fr_destroyer_jaguar_class_chacal.png,standard,vehicle,1,1,
fr_destroyer_jaguar_class_panthere,fr_destroyer_jaguar_class_panthere,,,https://static.encyclopedia.warthunder.com/slots/fr_destroyer_jaguar_class_panthere.png,premium,vehicle,0,0,
fr_destroyer_bourrasque_class_tornade,fr_destroyer_bourrasque_class_tornade,,,https://static.encyclopedia.warthunder.com/slots/fr_destroyer_bourrasque_class_tornade.png,premium,vehicle,0,1,
fr_destroyer_aigle_class_vautour,fr_destroyer_aigle_class_vautour,fr_destroyer_hunt_3series,,https://static.encyclopedia.warthunder.com/slots/fr_destroyer_aigle_class_vautour.png,standard,vehicle,0,0,
fr_destroyer_desaix_class_kleber,fr_destroyer_desaix_class_kleber,fr_destroyer_jaguar_class_chacal,,https://static.encyclopedia.warthunder.com/slots/fr_destroyer_desaix_class_kleber.png,standard,vehicle,1,0,
fr_destroyer_vauquelin_class_vauquelin,fr_destroyer_vauquelin_class_vauquelin,fr_destroyer_aigle_class_vautour,,https://static.encyclopedia.warthunder.com/slots/fr_destroyer_vauquelin_class_vauquelin.png,standard,vehicle,0,1,
fr_destroyer_aigle_class_milan,fr_destroyer_aigle_class_milan,fr_destroyer_desaix_class_kleber,,https://static.encyclopedia.warthunder.com/slots/fr_destroyer_aigle_class_milan.png,standard,vehicle,1,1,
fr_cruiser_chateaurenault_class_guichen,fr_cruiser_chateaurenault_class_guichen,fr_destroyer_vauquelin_class_vauquelin,,https://static.encyclopedia.warthunder.com/slots/fr_cruiser_chateaurenault_class_guichen.png,standard,vehicle,0,2,
fr_destroyer_marceau_class_marceau,fr_destroyer_marceau_class_marceau,fr_destroyer_aigle_class_milan,,https://static.encyclopedia.warthunder.com/slots/fr_destroyer_marceau_class_marceau.png,standard,vehicle,1,2,
fr_destroyer_aigle_class_aigle,fr_destroyer_aigle_class_aigle,,,https://static.encyclopedia.warthunder.com/slots/fr_destroyer_aigle_class_aigle.png,premium,vehicle,0,0,
fr_destroyer_le_fantasque_class_le_malin,fr_destroyer_le_fantasque_class_le_malin,fr_cruiser_chateaurenault_class_guichen,,https://static.encyclopedia.warthunder.com/slots/fr_destroyer_le_fantasque_class_le_malin.png,standard,vehicle,0,0,
fr_destroyer_mogador_class_mogador,fr_destroyer_mogador_class_mogador,fr_destroyer_marceau_class_marceau,,https://static.encyclopedia.warthunder.com/slots/fr_destroyer_mogador_class_mogador.png,standard,vehicle,1,0,
fr_cruiser_dugauy_class_primaguet,fr_cruiser_dugauy_class_primaguet,fr_destroyer_le_fantasque_class_le_malin,,https://static.encyclopedia.warthunder.com/slots/fr_cruiser_dugauy_class_primaguet.png,standard,vehicle,0,1,
fr_cruiser_jeanne_darc,fr_cruiser_jeanne_darc,fr_destroyer_mogador_class_mogador,,https://static.encyclopedia.warthunder.com/slots/fr_cruiser_jeanne_darc.png,standard,vehicle,1,1,
fr_destroyer_le_fantasque_class_le_triomphant,fr_destroyer_le_fantasque_class_le_triomphant,,,https://static.encyclopedia.warthunder.com/slots/fr_destroyer_le_fantasque_class_le_triomphant.png,premium,vehicle,0,0,
fr_cruiser_dugauy_class_dugauy_trouin,fr_cruiser_dugauy_class_dugauy_trouin,,,https://static.encyclopedia.warthunder.com/slots/fr_cruiser_dugauy_class_dugauy_trouin.png,premium,vehicle,0,1,
fr_cruiser_suffren_class_colbert,fr_cruiser_suffren_class_colbert,fr_cruiser_dugauy_class_primaguet,,https://static.encyclopedia.warthunder.com/slots/fr_cruiser_suffren_class_colbert.png,standard,vehicle,0,0,
fr_cruiser_emile_bertin,fr_cruiser_emile_bertin,fr_cruiser_jeanne_darc,,https://static.encyclopedia.warthunder.com/slots/fr_cruiser_emile_bertin.png,standard,vehicle,1,0,
fr_cruiser_la_galissoniere_class_la_galissoniere,fr_cruiser_la_galissoniere_class_la_galissoniere,fr_cruiser_emile_bertin,,https://static.encyclopedia.warthunder.com/slots/fr_cruiser_la_galissoniere_class_la_galissoniere.png,standard,vehicle,1,1,
fr_cruiser_suffren_class_dupleix,fr_cruiser_suffren_class_dupleix,,,https://static.encyclopedia.warthunder.com/slots/fr_cruiser_suffren_class_dupleix.png,premium,vehicle,0,0,
fr_battleship_courbet_class_paris,fr_battleship_courbet_class_paris,fr_cruiser_suffren_class_colbert,,https://static.encyclopedia.warthunder.com/slots/fr_battleship_courbet_class_paris.png,standard,vehicle,0,0,
fr_battleship_bretagne_class_bretagne,fr_battleship_bretagne_class_bretagne,fr_cruiser_la_galissoniere_class_la_galissoniere,,https://static.encyclopedia.warthunder.com/slots/fr_battleship_bretagne_class_bretagne.png,standard,vehicle,1,0,
fr_battleship_bretagne_class_lorraine,fr_battleship_bretagne_class_lorraine,fr_battleship_courbet_class_paris,,https://static.encyclopedia.warthunder.com/slots/fr_battleship_bretagne_class_lorraine.png,standard,vehicle,0,1,
fr_battleship_courbet_class_courbet,fr_battleship_courbet_class_courbet,,,https://static.encyclopedia.warthunder.com/slots/fr_battleship_courbet_class_courbet.png,premium,vehicle,0,0,
fr_battleship_dunkerque,fr_battleship_dunkerque,fr_battleship_bretagne_class_lorraine,,https://static.encyclopedia.warthunder.com/slots/fr_battleship_dunkerque.png,standard,vehicle,0,0,
fr_battleship_strasbourg,fr_battleship_strasbourg,,,https://static.encyclopedia.warthunder.com/slots/fr_battleship_strasbourg.png,standard,vehicle,0,0,
us_cruiser_fargo_brooklyn_group,us_cruiser_fargo_brooklyn_group,us_cruiser_atlanta_class_atlanta,USS Fargo/USS Brooklyn,https://static.encyclopedia.warthunder.com/slots/us_cruiser_fargo_brooklyn_group.png,standard,folder,0,0,
uk_destroyer_battle_group,uk_destroyer_battle_group,uk_destroyer_n_class,,https://static.encyclopedia.warthunder.com/slots/uk_destroyer_battle_group.png,standard,folder,0,0,
uk_destroyer_daring_group,uk_destroyer_daring_group,uk_destroyer_k_class,,https://static.encyclopedia.warthunder.com/slots/uk_destroyer_daring_group.png,standard,folder,1,0,
uk_cruiser_kent_norfolk_group,uk_cruiser_kent_norfolk_group,uk_cruiser_hawkins,,https://static.encyclopedia.warthunder.com/slots/uk_cruiser_kent_norfolk_group.png,standard,folder,2,0,
