external_id,parent_external_id,name,image_url,tech_category,type,column_index,row_index,order_in_folder
p-26a_34_m2,,P-26A-34 M2,,standard,vehicle,0,0,
p-36a,,P-36A,,standard,vehicle,1,0,
bf2c_1,,BF2C-1,,standard,vehicle,2,0,
os2u_1,,,,standard,vehicle,3,0,0
os2u_3,,,,standard,vehicle,3,0,1
tbd-1_1938,,,,standard,vehicle,4,0,0
b_18a,tbd-1_1938,,,standard,vehicle,4,0,1
p-26a_33,,,,standard,vehicle,0,1,0
p-26b_35,p-26a_33,,,standard,vehicle,0,1,1
p-36c,p-36a,P-36C,,standard,vehicle,1,1,
f3f-2,bf2c_1,F3F-2,,standard,vehicle,2,1,
sb2u-2,,,,standard,vehicle,3,1,0
sb2u-3,sb2u-2,,,standard,vehicle,3,1,1
pby-5,,,,standard,vehicle,4,1,0
pby-5a,pby-5,,,standard,vehicle,4,1,1
f2a-1,f3f-2,F2A-1,,standard,vehicle,2,2,
tbf-1c,,,,standard,vehicle,3,2,0
sbd-3,tbf-1c,,,standard,vehicle,3,2,1
pbm_1,pby_group,"PBM-1 ""Mariner""",,standard,vehicle,4,2,
f3f-2_galer,,Galer's F3F-2,,premium,vehicle,0,0,
p-26a_34,,P-26A-34,,premium,vehicle,1,0,
p-36c_rb,,○P-36C,,standard,vehicle,0,1,
p-36a_rasmussen,,Rasmussen's P-36A,,premium,vehicle,1,1,
f2a-1_thach,,Thach's F2A-1,,premium,vehicle,0,2,
b_10b,,B-10B,,premium,vehicle,1,2,
p-400,,P-400,,standard,vehicle,0,0,
p-36g,,P-36G,,standard,vehicle,1,0,
f2a-3,,F2A-3,,standard,vehicle,2,0,
p-51_a-36,,A-36,,standard,vehicle,3,0,
b_34,,B-34,,standard,vehicle,4,0,
p-38e,,,,standard,vehicle,0,1,0
p-38g,p-38e,,,standard,vehicle,0,1,1
p-40e,,,,standard,vehicle,1,1,0
p-40f_10,p-40e,,,standard,vehicle,1,1,1
f4f-3,,,,standard,vehicle,2,1,0
f4f-4,f4f-3,,,standard,vehicle,2,1,1
f6f-3,f4f-4,,,standard,vehicle,2,1,2
a-20g,p-51_a-36,A-20G-25,,standard,vehicle,3,1,
b_25j_1,b_34,B-25J-1,,standard,vehicle,4,1,
p-39n,,,,standard,vehicle,0,2,0
p-39q_5,p-39n,,,standard,vehicle,0,2,1
p-51c-10-nt,p-40_group,P-51C-10,,standard,vehicle,1,2,
f4u-1a,,,,standard,vehicle,2,2,0
f4u-1a_usmc,f4u-1a,,,standard,vehicle,2,2,1
f4u-1d,f4u-1a_usmc,,,standard,vehicle,2,2,2
sb2c_1c,,,,standard,vehicle,3,2,0
sb2c_4,sb2c_1c,,,standard,vehicle,3,2,1
b_25j_20,b_25j_1,B-25J-20,,standard,vehicle,4,2,
p-40e_td,,P-40E-1 TD,,standard,vehicle,0,0,
p-40c,,P-40C,,premium,vehicle,1,0,
ki_43_2_late,,▃Ki-43-II,,premium,vehicle,0,1,
yp-38,,YP-38,,premium,vehicle,1,1,
p-51a_tl,,P-51A,,premium,vehicle,0,2,
p-43a-1,,P-43A-1,,premium,vehicle,1,2,
p-38g_metal,,XP-38G,,premium,vehicle,0,3,
pbm_3,,"PBM-3 ""Mariner""",,premium,vehicle,1,3,
ki_61_1a_otsu_usa,,▃Ki-61-Ib,,premium,vehicle,0,4,
p-63a-5,p-39_group,P-63A-5,,standard,vehicle,0,0,
p-51_mk1a_usaaf,,,,standard,vehicle,1,0,0
p-51d-5,p-51_mk1a_usaaf,,,standard,vehicle,1,0,1
f4u-4,f4u_group,F4U-4,,standard,vehicle,2,0,
pbj_1j,,,,standard,vehicle,3,0,0
pbj_1h,pbj_1j,,,standard,vehicle,3,0,1
b_26b_c,b_25j_20,B-26B,,standard,vehicle,4,0,
p-63a-10,,,,standard,vehicle,0,1,0
p-63c-5,p-63a-10,,,standard,vehicle,0,1,1
p-47d_22_re,,,,standard,vehicle,1,1,0
p-47d,p-47d_22_re,,,standard,vehicle,1,1,1
f8f1,f4u-4,F8F-1,,standard,vehicle,2,1,
p-61c_1,pbj_group,P-61C-1,,standard,vehicle,3,1,
b-17e,,,,standard,vehicle,4,1,0
b-17e_late,b-17e,,,standard,vehicle,4,1,1
p-38j,,,,standard,vehicle,0,2,0
p-38l,p-38j,,,standard,vehicle,0,2,1
p-47d-28,,,,standard,vehicle,1,2,0
p-47n-15,p-47d-28,,,standard,vehicle,1,2,1
f6f-5n,f8f1,F6F-5N,,standard,vehicle,2,2,
pb4y-2,b-17_group,PB4Y-2,,standard,vehicle,4,2,
a6m2_zero_usa,,▃A6M2,,premium,vehicle,0,0,
xf5f,,XF5F,,premium,vehicle,1,0,
btd-1,,BTD-1,,premium,vehicle,0,1,
p-61a_1,,P-61A-11,,premium,vehicle,1,1,
xp-55,,XP-55,,premium,vehicle,0,2,
pv_2d,,PV-2D,,premium,vehicle,1,2,
xp-50,,XP-50,,premium,vehicle,0,3,
p-63c-5_kingcobra_animal_version,,␠Kingcobra,,premium,vehicle,1,3,
bf-109f-4_usa,,▃Bf 109 F-4,,premium,vehicle,0,4,
pbm_5a,,"PBM-5A ""Mariner""",,premium,vehicle,1,4,
f-82e,p-38_late_group,F-82E,,standard,vehicle,0,0,
p-51d-30_usaaf_korea,p-47_group,P-51D-30,,standard,vehicle,1,0,
f4u-1c,,,,standard,vehicle,2,0,0
f4u-4b,f4u-1c,,,standard,vehicle,2,0,1
a-26b_10,,,,standard,vehicle,3,0,0
a-26b,a-26b_10,,,standard,vehicle,3,0,1
b-17g,,,,standard,vehicle,4,0,0
b_24d,b-17g,,,standard,vehicle,4,0,1
p-51h-5_na,p-51d-30_usaaf_korea,P-51H-5-NA,,standard,vehicle,1,1,
f8f1b,,,,standard,vehicle,2,1,0
f7f1,f8f1b,,,standard,vehicle,2,1,1
douglas_ad_2,,,,standard,vehicle,3,1,0
douglas_ad_4,douglas_ad_2,,,standard,vehicle,3,1,1
am_1_mauler,douglas_ad_4,,,standard,vehicle,3,1,2
b-29,b-17_late_group,B-29A-BN,,standard,vehicle,4,1,
xa_38,,XA-38,,premium,vehicle,0,0,
p-38j_marge,,Bong's P-38J-15,,premium,vehicle,1,0,
p-51d-20-na,,P-51D-20-NA,,premium,vehicle,0,1,
p-38k,,P-38K,,premium,vehicle,1,1,
p-51d-10,,P-51D-10,,premium,vehicle,0,2,
a-26c,,A-26C-45,,standard,vehicle,1,2,
p-47m-1-re,,P-47M-1-RE,,premium,vehicle,0,3,
a-26c-45-dt,,A-26C-45DT,,premium,vehicle,1,3,
p-47m-1-re_boxted,,⋠P-47M-1-RE,,premium,vehicle,0,4,
p-59a,,P-59A,,premium,vehicle,1,4,
fw-190a-8_usa,,▃Fw 190 A-8,,premium,vehicle,0,5,
f4u-4b_vmf_214,,F4U-4B VMF-214,,premium,vehicle,1,5,
spitfire_ix_usa,,▃Spitfire LF Mk IXc,,premium,vehicle,0,6,
f4u-6_au-1,,AU-1,,premium,vehicle,1,6,
douglas_a_1h,,A-1H,,premium,vehicle,0,7,
f2g-1,,F2G-1,,premium,vehicle,1,7,
f7f3,,F7F-3,,premium,vehicle,1,8,
f-80a,f-82e,F-80A-5,,standard,vehicle,0,0,
f-84b,,,,standard,vehicle,1,0,0
f-84g,f-84b,,,standard,vehicle,1,0,1
f2h-2,f8f1_group,F2H-2,,standard,vehicle,2,0,
f3d_1,douglas_ad_group,F3D-1,,standard,vehicle,3,0,
b-57,,,,standard,vehicle,4,0,0
b-57b,b-57,,,standard,vehicle,4,0,1
f-80,f-80a,F-80C-10,,standard,vehicle,0,1,
f-86a-5,,,,standard,vehicle,1,1,0
f-86f-25,f-86a-5,,,standard,vehicle,1,1,1
f9f-2,,,,standard,vehicle,2,1,0
f9f-5,f9f-2,,,standard,vehicle,2,1,1
f9f-8,f9f-5,,,standard,vehicle,2,1,2
f-84f,f3d_1,F-84F,,standard,vehicle,3,1,
f-89b,,F-89B,,premium,vehicle,0,0,
a2d,,A2D-1,,premium,vehicle,1,0,
f-89d,f-89b,F-89D,,premium,vehicle,0,1,
f-86f-35,,F-86F-35,,premium,vehicle,1,1,
f-104a,,,,standard,vehicle,0,0,0
f-104c,f-104a,,,standard,vehicle,0,0,1
f-86f-2,f_86_group,F-86F-2,,standard,vehicle,1,0,
f3h-2,f9f_group,F3H-2,,standard,vehicle,2,0,
a_4b,,,,standard,vehicle,3,0,0
fj_4b,a_4b,,,standard,vehicle,3,0,1
f-100d,f-86f-2,F-100D,,standard,vehicle,1,1,
f8u-2,f3h-2,F8U-2,,standard,vehicle,2,1,
av_8c,a_4b_group,AV-8C,,standard,vehicle,3,1,
a_4e_early,,A-4E Early,,standard,vehicle,0,0,
fj_4b_agm_12b,,FJ-4B VMF-232,,standard,vehicle,1,0,
f_117,,F-117,,standard,vehicle,0,1,
f11f_1_late,,F11F-1,,standard,vehicle,1,1,
av_8a,,AV-8A,,premium,vehicle,0,2,
f4d_1,,F4D-1,,standard,vehicle,1,2,
a_10a_early,,A-10A,,premium,vehicle,0,3,
f-5e,f-104_group,F-5E,,standard,vehicle,0,0,
f-4c,f-100d,F-4C Phantom II,,standard,vehicle,1,0,
f-8e,f8u-2,F-8E,,standard,vehicle,2,0,
a_10a_late,av_8c,A-10A Late,,standard,vehicle,3,0,
f-105d,b_57_group,F-105D,,standard,vehicle,4,0,
f-4e,f-4c,F-4E Phantom II,,standard,vehicle,1,1,
f-4j,f-8e,F-4J Phantom II,,standard,vehicle,2,1,
a_7d,,,,standard,vehicle,3,1,0
a_7e,a_7d,,,standard,vehicle,3,1,1
f_111a,f-105d,F-111A,,standard,vehicle,4,1,
a_10c,a_7_group,A-10C,,standard,vehicle,3,2,
f_111f,f_111a,F-111F,,standard,vehicle,4,2,
f-5c,,F-5C,,premium,vehicle,0,0,
f-5a,,F-5A,,standard,vehicle,1,0,
a_6e_tram,,A-6E TRAM,,premium,vehicle,0,1,
a_7k,,A-7K,,standard,vehicle,1,1,
f-4s,,F-4S Phantom II,,premium,vehicle,0,2,
av_8b_na,,AV-8B (NA),,premium,vehicle,1,2,
f_16a_block_10,,,,standard,vehicle,0,0,0
f_16a_block_15_adf,f_16a_block_10,,,standard,vehicle,0,0,1
f_15a,f-4e,F-15A,,standard,vehicle,1,0,
fa_18a,f-4j,F/A-18A,,standard,vehicle,2,0,
av_8b_plus,a_10c,AV-8B Plus,,standard,vehicle,3,0,
f_15e,f_111f,F-15E,,standard,vehicle,4,0,
f_16c_block_50,f_16_group,F-16C,,standard,vehicle,0,1,
f_15c_msip2,f_15a,F-15C MSIP II,,standard,vehicle,1,1,
f_14a_early,,,,standard,vehicle,2,1,0
f_14b,f_14a_early,,,standard,vehicle,2,1,1
fa_18c_late,f_14_group,F/A-18C Late,,standard,vehicle,2,2,
f_20a,,F-20A,,premium,vehicle,0,0,
f_14a_iriaf,,▄F-14A IRIAF,,standard,vehicle,1,0,
fa_18c_early,,F/A-18C Early,,premium,vehicle,0,1,
bf-109b_2,,,,standard,vehicle,0,0,
he51a1,,,,standard,vehicle,1,0,0
he51b1,he51a1,,,standard,vehicle,1,0,1
he51c1,he51b1,,,standard,vehicle,1,0,2
he51c1_late,,,,standard,vehicle,1,0,3
do_17z_7,,,,standard,vehicle,2,0,
hs-123a-1,,,,standard,vehicle,3,0,
do_17e_1,,,,standard,vehicle,4,0,0
do_17z_2,do_17e_1,,,standard,vehicle,4,0,1
bf-109c_1,bf-109b_2,,,standard,vehicle,0,1,
he_112v_5,,,,standard,vehicle,1,1,0
he_112a_0,he_112v_5,,,standard,vehicle,1,1,1
do_217j_1,,,,standard,vehicle,2,1,0
do_217j_2,do_217j_1,,,standard,vehicle,2,1,1
ju-87b-2,,,,standard,vehicle,3,1,0
ju-87r-2,ju-87b-2,,,standard,vehicle,3,1,1
he_115c_1,,,,standard,vehicle,4,1,0
bv-138c-1,he_115c_1,,,standard,vehicle,4,1,1
he_100d_1,he_112_group,,,standard,vehicle,1,2,
ju-87g_1,,,,standard,vehicle,3,2,0
ju-87g_2,ju-87g_1,,,standard,vehicle,3,2,1
he-111h-2,he_111_bv_138_group,,,standard,vehicle,4,2,
bf-109a_1,,,,premium,vehicle,0,0,
he51b_2w,,,,premium,vehicle,1,0,
ju-87r-2_snake,,,,premium,vehicle,0,1,
arado-196a-3,,,,premium,vehicle,1,1,
fiat_cr42_marcolin,,,,premium,vehicle,0,2,
fw-189a-1,,,,premium,vehicle,1,2,
fiat_cr42,,,,standard,vehicle,0,3,0
fiat_g50_seria2,fiat_cr42,,,standard,vehicle,0,3,1
fiat_g50_seria7as,fiat_g50_seria2,,,standard,vehicle,0,3,2
bf-109c_1_promo,,,,standard,vehicle,1,3,
mc200_serie3,,,,standard,vehicle,0,4,0
mc200_serie7,mc200_serie3,,,standard,vehicle,0,4,1
mc-202,mc200_serie7,,,standard,vehicle,0,4,2
bf-109e-1,,,,standard,vehicle,0,0,
he_112b_0,,,,standard,vehicle,1,0,
ju-88c-6,,,,standard,vehicle,2,0,
hs-129b-3,,,,standard,vehicle,3,0,0
hs-129b-2,hs-129b-3,,,standard,vehicle,3,0,1
fw_200c_1,,,,standard,vehicle,4,0,
bf-109e-3,,,,standard,vehicle,0,1,0
bf-109e-4,bf-109e-3,,,standard,vehicle,0,1,1
fw-190a-1,he_112b_0,,,standard,vehicle,1,1,
do_217n_1,,,,standard,vehicle,2,1,0
do_217n_2,do_217n_1,,,standard,vehicle,2,1,1
ju-87d-3,,,,standard,vehicle,3,1,0
ju-87d-5,ju-87d-3,,,standard,vehicle,3,1,1
ju-88a-1,,,,standard,vehicle,4,1,0
ju-88a-4,ju-88a-1,,,standard,vehicle,4,1,1
bf-109f-1,,,,standard,vehicle,0,2,0
bf-109f-2,bf-109f-1,,,standard,vehicle,0,2,1
bf-110c-4,,,,standard,vehicle,2,2,0
bf-110f-2,bf-110c-4,,,standard,vehicle,2,2,1
me-410a-1_u4,,,,standard,vehicle,3,2,0
me-410b-2_u4,me-410a-1_u4,,,standard,vehicle,3,2,1
he-111h-6,,,,standard,vehicle,4,2,0
he-111h-16_winter,he-111h-6,,,standard,vehicle,4,2,1
he_112b_1,,,,premium,vehicle,0,0,
wellington_mk1c_luftwaffe,,,,premium,vehicle,1,0,
il_2_1942_luftwaffe,,,,premium,vehicle,0,1,
he_112b_2,,,,premium,vehicle,1,1,
bf-110c-6,,,,premium,vehicle,0,2,
h-75a-2_finland,,,,premium,vehicle,1,2,
yak-1b_luftwaffe,,,,premium,vehicle,0,3,
bf-109e-7,,,,premium,vehicle,1,3,
bv-238,,,,premium,vehicle,0,4,
sm_79_1936,,,,standard,vehicle,1,4,0
sm_79_1939,,,,standard,vehicle,1,4,1
sm_79_1941,,,,standard,vehicle,1,4,2
sm_79_1943,,,,standard,vehicle,1,4,3
sm_79_iar,,,,standard,vehicle,1,4,4
sm_79_1937,,,,standard,vehicle,1,4,5
sm_79_1942,,,,standard,vehicle,1,4,6
bf-109f-4,,,,standard,vehicle,0,0,0
bf-109f-4_trop,bf-109f-4,,,standard,vehicle,0,0,1
fw-190a-4,,,,standard,vehicle,1,0,0
fw-190a-5_u2,fw-190a-4,,,standard,vehicle,1,0,1
bf-110g-2,,,,standard,vehicle,2,0,0
bf_110g_4,bf-110g-2,,,standard,vehicle,2,0,1
me-410a-1,,,,standard,vehicle,3,0,0
me-410b-1,me-410a-1,,,standard,vehicle,3,0,1
me_264,he-111h_group,,,standard,vehicle,4,0,
fw-190d-9,fw-190a-4_group,,,standard,vehicle,1,1,
me-410a-1_u2,,,,standard,vehicle,2,1,0
me-410b-1_u2,me-410a-1_u2,,,standard,vehicle,2,1,1
do_335a_1,,,,standard,vehicle,3,1,0
do_335a_0,do_335a_1,,,standard,vehicle,3,1,1
do_217e_2,,,,standard,vehicle,4,1,0
do_217e_4,do_217e_2,,,standard,vehicle,4,1,1
p-47d_16_re_germany,,,,premium,vehicle,0,0,
hs-129b-2_romania,,,,premium,vehicle,1,0,
ta_154a_1,,,,premium,vehicle,0,1,
p-47d_luftwaffe,,,,premium,vehicle,1,1,
fw_190a_5_u14,,,,premium,vehicle,0,2,
la-5fn_luftwaffe,,,,premium,vehicle,1,2,
bf-109g-2_romania,,,,premium,vehicle,0,3,
bv-155b-1,,,,premium,vehicle,1,3,
bf-109g-2,,,,standard,vehicle,0,0,0
bf-109g-6,bf-109g-2,,,standard,vehicle,0,0,1
fw-190a-5_cannons,,,,standard,vehicle,1,0,0
fw-190a-8,fw-190a-5_cannons,,,standard,vehicle,1,0,1
me-410b-6_r3,me-410a_u2_group,,,standard,vehicle,2,0,
fw-190f-8,do_335_group,,,standard,vehicle,3,0,
do_217k_1,,,,standard,vehicle,4,0,0
do_217m_1,do_217k_1,,,standard,vehicle,4,0,1
bf-109g-14,,,,standard,vehicle,0,1,0
bf-109g-10,bf-109g-14,,,standard,vehicle,0,1,1
fw-190a-5,,,,standard,vehicle,1,1,0
fw-190d-12,fw-190a-5,,,standard,vehicle,1,1,1
me-262a-1a_u4,fw-190f-8,,,standard,vehicle,3,1,
ju-188a-2,do_217k_group,,,standard,vehicle,4,1,
bf-109k-4,bf-109g_group,,,standard,vehicle,0,2,
ta-152h-1,,,,standard,vehicle,1,2,0
ta-152c,ta-152h-1,,,standard,vehicle,1,2,1
he-177a-5,ju-188a-2,,,standard,vehicle,4,2,
he_219a_7,,,,premium,vehicle,0,0,
bf-109z,,,,premium,vehicle,1,0,
do_335b_2,,,,premium,vehicle,0,1,
ju-388j,,,,premium,vehicle,1,1,
tempest_mkv_luftwaffe,,,,premium,vehicle,0,2,
fw-190c,,,,premium,vehicle,1,2,
ju-288c,,,,premium,vehicle,0,3,
fw-190d-13,,,,premium,vehicle,1,3,
he-177a-3,,,,premium,vehicle,0,4,
me-262a-1a,,,,standard,vehicle,0,0,0
me-262c-1a,me-262a-1a,,,standard,vehicle,0,0,1
me-262c-2b,me-262c-1a,,,standard,vehicle,0,0,2
he-162a-2,ta-152_group,,,standard,vehicle,1,0,
go229_v3,me-410b-6_r3,,,standard,vehicle,2,0,
me-262a-1a_early,me-262a-1a_u4,,,standard,vehicle,3,0,
arado-234,,,,standard,vehicle,4,0,0
arado-234c-3,arado-234,,,standard,vehicle,4,0,1
me-163b,,,,standard,vehicle,0,1,0
me-163b-0,me-163b,,,standard,vehicle,0,1,1
mig-15bis_nr23_german,he-162a-2,,,standard,vehicle,1,1,
il_28_german,arado_234_group,,,standard,vehicle,4,1,
me-262a1_u1,,,,standard,vehicle,0,0,
he-162a-1,,,,standard,vehicle,1,0,
sea_hawk_mk100,,,,premium,vehicle,0,1,
me-262a-2a,,,,standard,vehicle,1,1,
fiat_g91_r4_german,,,,premium,vehicle,0,2,
f-86_canadair_german,,,,standard,vehicle,0,0,0
f-86_cl_13b_mk6,f-86_canadair_german,,,standard,vehicle,0,0,1
mig-17p_lim_5p,mig-15bis_nr23_german,,,standard,vehicle,1,0,
fiat_g91_r3,go229_v3,,,standard,vehicle,2,0,
f-84f_germany,me-262a-1a_early,,,standard,vehicle,3,0,
mig_23bn,il_28_german,,,standard,vehicle,4,0,
f-86k_late_german,f-86_german_group,,,standard,vehicle,0,1,
mig-19s,mig-17p_lim_5p,,,standard,vehicle,1,1,
alpha_jet_a,fiat_g91_r3,,,standard,vehicle,2,1,
hunter_f58_switzerland,,,,standard,vehicle,0,0,
ffa_p16,,,,premium,vehicle,1,0,
mig-21_sps_k,,,,premium,vehicle,0,1,
f-104g,f-86k_late_german,,,standard,vehicle,0,0,
mig-21_mf,,,,standard,vehicle,1,0,0
mig-21_bis_sau,mig-21_mf,,,standard,vehicle,1,0,1
su_22um3k,f-84f_germany,,,standard,vehicle,3,0,
f-4f_late,f-104g,,,standard,vehicle,0,1,
mig_23mla,mig_21_germany_group,,,standard,vehicle,1,1,
su_22m4,su_22um3k,,,standard,vehicle,3,1,
mig-21_bis_lazur,,,,premium,vehicle,0,0,
f-4f,,,,standard,vehicle,1,0,
tornado_ids_de_wtd61,,,,premium,vehicle,0,1,
mig_23mf_germany,,,,standard,vehicle,1,1,
su_22m4_de_wtd61,,,,premium,vehicle,0,2,
f-4f_kws_lv,f-4f_late,,,standard,vehicle,0,0,
mig_29_9_12_germany,mig_23mla,,,standard,vehicle,1,0,
tornado_ids_de_assta1,alpha_jet_a,,,standard,vehicle,2,0,
ef_2000_block_10,f-4f_kws_lv,,,standard,vehicle,0,1,
mig_29_9_12g,mig_29_9_12_germany,,,standard,vehicle,1,1,
tornado_ids_de_mfg,,,,standard,vehicle,0,0,
i-16_type5,,,,standard,vehicle,1,0,
i-15_1934,,,,standard,vehicle,2,0,0
i-15_1935,i-15_1934,,,standard,vehicle,2,0,1
i-15_1935_moscow,i-15_1935,,,standard,vehicle,2,0,2
po-2,,,,standard,vehicle,3,0,
sb_2m_100,,,,standard,vehicle,4,0,0
sb_2m_103c,sb_2m_100,,,standard,vehicle,4,0,1
mig_3_series_1_15,i-16_type5,,,standard,vehicle,1,1,
i-15bis,,,,standard,vehicle,2,1,0
i-153_m62,i-15bis,,,standard,vehicle,2,1,1
bb-1,,,,standard,vehicle,3,1,0
su-2_mv5,bb-1,,,standard,vehicle,3,1,1
su-2_tss1,su-2_mv5,,,standard,vehicle,3,1,2
su-2_m82,su-2_tss1,,,standard,vehicle,3,1,3
yak-4,sb_group,,,standard,vehicle,4,1,
i-16_type10,,,,standard,vehicle,1,2,0
i-16_type18,i-16_type10,,,standard,vehicle,1,2,1
i-16_type24,i-16_type18,,,standard,vehicle,1,2,2
pe-3_early,,,,standard,vehicle,3,2,0
pe-3,pe-3_early,,,standard,vehicle,3,2,1
ar_2,,,,standard,vehicle,4,2,0
sb_2m_103u_mv3,ar_2,,,standard,vehicle,4,2,1
sb_2m_105,sb_2m_103u_mv3,,,standard,vehicle,4,2,2
sb_2m_103u,,,,standard,vehicle,4,2,3
sb_2m_103_mv3,,,,standard,vehicle,4,2,4
yak_2_kabb,pe-3_group,,,standard,vehicle,3,3,
i-15bis_krasnolutsky,,,,premium,vehicle,0,0,
mbr-2,,,,premium,vehicle,1,0,
pby-5a_ussr,,,,premium,vehicle,0,1,
po-2m,,,,premium,vehicle,1,1,
hp52_hampden_tbmk1_ussr_utk1,,,,premium,vehicle,0,2,
tb_3_m17_32,,,,premium,vehicle,1,2,
tandem_mai,,,,premium,vehicle,0,3,
i-153_m62_zhukovskiy,,,,premium,vehicle,1,3,
yak-1_early,,,,standard,vehicle,0,0,0
yak-1b,yak-1_early,,,standard,vehicle,0,0,1
mig_3_series_1_15_bk_pod,,,,standard,vehicle,1,0,0
mig_3_series_34,mig_3_series_1_15_bk_pod,,,standard,vehicle,1,0,1
lagg-3-8,,,,standard,vehicle,2,0,0
lagg-3-11,lagg-3-8,,,standard,vehicle,2,0,1
il_2_1941,,,,standard,vehicle,3,0,
db_3b,,,,standard,vehicle,4,0,0
il-4,db_3b,,,standard,vehicle,4,0,1
yak-7b,yak-1_group,,,standard,vehicle,0,1,
i-16_type27,mig-3_group,,,standard,vehicle,1,1,
lagg-3-35,,,,standard,vehicle,2,1,0
lagg-3-66,lagg-3-35,,,standard,vehicle,2,1,1
il-2i,,,,standard,vehicle,3,1,0
il_2_37_1943,il-2i,,,standard,vehicle,3,1,1
pe-2-1,,,,standard,vehicle,4,1,0
pe-2-31,pe-2-1,,,standard,vehicle,4,1,1
pe-2-83,pe-2-31,,,standard,vehicle,4,1,2
yak-9,,,,standard,vehicle,0,2,0
yak-9b,yak-9,,,standard,vehicle,0,2,1
la-5_type37_early,,,,standard,vehicle,2,2,0
la-5_type39,la-5_type37_early,,,standard,vehicle,2,2,1
pe-3_bis,il-2i_group,,,standard,vehicle,3,2,
lagg-3-4,,,,premium,vehicle,0,0,
lagg-3-23,,,,premium,vehicle,1,0,
p-40e_ussr,,,,premium,vehicle,0,1,
i_29,,,,premium,vehicle,1,1,
hurricanemkii_ussr,,,,premium,vehicle,0,2,
il_2_m82,,,,premium,vehicle,1,2,
i-153p,,,,premium,vehicle,0,3,
i_180,,,,premium,vehicle,1,3,
i-16_type28,,,,premium,vehicle,0,4,
lagg-3-34,,,,premium,vehicle,1,4,
p-39k_1,,,,premium,vehicle,0,5,
lagg-i-301,,,,premium,vehicle,1,5,
yak-9t,,,,standard,vehicle,0,0,0
yak-9k,yak-9t,,,standard,vehicle,0,0,1
i_185_m82,i-16_type27,,,standard,vehicle,1,0,
la-5fn,la_5_group,,,standard,vehicle,2,0,
il_2m_1943,,,,standard,vehicle,3,0,0
il-2m,il_2m_1943,,,standard,vehicle,3,0,1
er-2_m105_mv3,,,,standard,vehicle,4,0,0
er-2_m105r_lu2b,er-2_m105_mv3,,,standard,vehicle,4,0,1
er-2_m105_tat,,,,standard,vehicle,4,0,2
er-2_m105r_tat,,,,standard,vehicle,4,0,3
yak-3,,,,standard,vehicle,0,1,0
yak-9u,yak-3,,,standard,vehicle,0,1,1
i_185_m71_standard,i_185_m82,,,standard,vehicle,1,1,
la-7,la-5fn,,,standard,vehicle,2,1,
su-6_m71,il-2m_group,,,standard,vehicle,3,1,
pe-2-110,,,,standard,vehicle,4,1,0
pe-2-359,pe-2-110,,,standard,vehicle,4,1,1
pe-8_m82,pe-2_late_group,,,standard,vehicle,4,2,
a_20g_30_ussr,,,,premium,vehicle,0,0,
il-2m_mstitel,,,,premium,vehicle,1,0,
p-39n_su,,,,premium,vehicle,0,1,
yak-9m,,,,premium,vehicle,1,1,
p-39q_15,,,,premium,vehicle,0,2,
pe-2-205,,,,premium,vehicle,1,2,
p-63a-5_ussr,,,,premium,vehicle,0,3,
il_8_1944,,,,premium,vehicle,1,3,
p-47d_ussr,,,,premium,vehicle,0,4,
tis_ma,,,,premium,vehicle,1,4,
b_25j_30_vvs_ussr,,,,premium,vehicle,0,5,
itp_m1,,,,premium,vehicle,1,5,
yak-3_eremin,,,,premium,vehicle,0,6,
tu-2_early,,,,standard,vehicle,1,6,
yak-3p,,,,standard,vehicle,0,0,0
yak-9p,yak-3p,,,standard,vehicle,0,0,1
i_225,i_185_m71_standard,,,standard,vehicle,1,0,
la-7b-20,la-7,,,standard,vehicle,2,0,
su-6_am42,su-6_m71,,,standard,vehicle,3,0,
er-2_ach30b_early,,,,standard,vehicle,4,0,0
er-2_ach30b_late,er-2_ach30b_early,,,standard,vehicle,4,0,1
yak-3u,,,,standard,vehicle,0,1,0
yak-9ut,yak-3u,,,standard,vehicle,0,1,1
la-9,la-7b-20,,,standard,vehicle,2,1,
il-10,,,,standard,vehicle,3,1,0
il-10_1946,il-10,,,standard,vehicle,3,1,1
tu-2,,,,standard,vehicle,4,1,0
tu-2_postwar,tu-2,,,standard,vehicle,4,1,1
tu-2_postwar_late,tu-2_postwar,,,standard,vehicle,4,1,2
su_6_single,,,,premium,vehicle,0,0,
p-63c-5_ussr,,,,premium,vehicle,1,0,
la-7_dolgushin,,,,premium,vehicle,0,1,
p-63a-10_ussr,,,,premium,vehicle,1,1,
be_6,,,,premium,vehicle,0,2,
su-8,,,,premium,vehicle,1,2,
la-11,,,,premium,vehicle,0,3,
fw-190d-9_ussr,,,,premium,vehicle,1,3,
spitfire_ix_ussr,,,,premium,vehicle,0,4,
yak-3t,,,,premium,vehicle,1,4,
yak-3_vk107,,,,premium,vehicle,0,5,
tu-1,,,,premium,vehicle,1,5,
yak-15_early,,,,standard,vehicle,0,0,0
yak-15,yak-15_early,,,standard,vehicle,0,0,1
yak-17,yak-15,,,standard,vehicle,0,0,2
mig-9,,,,standard,vehicle,1,0,0
mig-9_ussr,mig-9,,,standard,vehicle,1,0,1
su-9,la-9,,,standard,vehicle,2,0,
il_28,,,,standard,vehicle,3,0,0
il_28sh,il_28,,,standard,vehicle,3,0,1
tu_4,tu-2_group,,,standard,vehicle,4,0,
yak-23,yak-15_group,,,standard,vehicle,0,1,
mig-15_ns23,,,,standard,vehicle,1,1,0
mig-15,mig-15_ns23,,,standard,vehicle,1,1,1
la_200_toriy,,,,standard,vehicle,2,1,0
la-15,la_200_toriy,,,standard,vehicle,2,1,1
tu_14t,tu_4,,,standard,vehicle,4,1,
su-11,,,,premium,vehicle,0,0,
bi,,,,standard,vehicle,1,0,
mig-15bis_ish,,,,premium,vehicle,0,1,
la_174,,,,standard,vehicle,1,1,
yak-30d,yak-23,,,standard,vehicle,0,0,
mig-17,mig-15_group,,,standard,vehicle,1,0,
su-7b,,,,standard,vehicle,2,0,0
su-7bkl,su-7b,,,standard,vehicle,2,0,1
su_25,il_28_group,,,standard,vehicle,3,0,
yak-28b,tu_14t,,,standard,vehicle,4,0,
yak-38m,yak-30d,,,standard,vehicle,0,1,
mig-19pt,,,,standard,vehicle,1,1,0
mig-21_f13,mig-19pt,,,standard,vehicle,1,1,1
mig-17_cuba,,,,premium,vehicle,0,0,
mig-21_pfm,,,,standard,vehicle,1,0,
yak-38,,,,premium,vehicle,0,1,
su-7bmk,,,,premium,vehicle,1,1,
mig-21_s,,,,premium,vehicle,0,2,
su_25k,,,,premium,vehicle,1,2,
mig-21_smt,,,,standard,vehicle,1,0,0
mig-21_bis,mig-21_smt,,,standard,vehicle,1,0,1
su_17m2,su-7_group,,,standard,vehicle,2,0,
su_25t,su_25,,,standard,vehicle,3,0,
mig_27m,,,,standard,vehicle,4,0,0
mig_27k,mig_27m,,,standard,vehicle,4,0,1
mig_23m,,,,standard,vehicle,1,1,0
mig_23mld,mig_23m,,,standard,vehicle,1,1,1
su_17m4,su_17m2,,,standard,vehicle,2,1,
su_24m,mig_27_group,,,standard,vehicle,4,1,
su_22m3,,,,standard,vehicle,0,0,
su_25_558arz,,,,standard,vehicle,1,0,
mig_23ml,,,,premium,vehicle,0,1,
su_25tm,,,,premium,vehicle,1,1,
yak_141,yak-38m,,,standard,vehicle,0,0,
mig_29_9_13,mig-23m_group,,,standard,vehicle,1,0,
su_27,su_17m4,,,standard,vehicle,2,0,
su_25sm3,su_25t,,,standard,vehicle,3,0,
su_34,su_24m,,,standard,vehicle,4,0,
mig_29smt_9_19,mig_29_9_13,,,standard,vehicle,1,1,
su_27sm,su_27,,,standard,vehicle,2,1,
su_30sm,su_27sm,,,standard,vehicle,2,2,
su_33,,,,standard,vehicle,0,0,
fury_mk1,,,,standard,vehicle,0,0,0
fury_mk2,fury_mk1,,,standard,vehicle,0,0,1
gladiator_mk2_france,,,,standard,vehicle,1,0,
nimrod_mk1,,,,standard,vehicle,2,0,
v_156_b1,,,,standard,vehicle,3,0,
swordfish_mk1,,,,standard,vehicle,4,0,
gladiator_mk2_silver,,,,standard,vehicle,1,1,
nimrod_mk2,nimrod_mk1,,,standard,vehicle,2,1,
blenheim_mkiv,,,,standard,vehicle,3,1,0
beaufort_mkviii,blenheim_mkiv,,,standard,vehicle,3,1,1
hp52_hampden_mk1_late,,,,standard,vehicle,4,1,0
hp52_hampden_tbmk1,hp52_hampden_mk1_late,,,standard,vehicle,4,1,1
gladiator_mk2,,,,standard,vehicle,1,2,
gladiator_mk2_navy,nimrod_mk2,,,standard,vehicle,2,2,
gladiator_mk2_tuck,,,,premium,vehicle,0,0,
swordfish_mk2,,,,premium,vehicle,1,0,
wirraway,,,,premium,vehicle,0,1,
pby-5a_raf,,,,premium,vehicle,1,1,
hurricanemkii,,,,standard,vehicle,0,0,0
hurricane_mk1,hurricanemkii,,,standard,vehicle,0,0,1
spitfire_mk1,,,,standard,vehicle,1,0,0
spitfiremkiia,spitfire_mk1,,,standard,vehicle,1,0,1
hurricane_mk1b,,,,standard,vehicle,2,0,
hurricane_mk4,,,,standard,vehicle,3,0,
sunderland_mk3a,,,,standard,vehicle,4,0,0
sunderland_mk5,sunderland_mk3a,,,standard,vehicle,4,0,1
typhoon_mk1a,hurricane_group,,,standard,vehicle,0,1,
spitfiremkii,spitfire_mk1_group,,,standard,vehicle,1,1,
hurricane_mk1c,hurricane_mk1b,,,standard,vehicle,2,1,
beaufighter_mk6c,,,,standard,vehicle,3,1,0
beaufighter_mkx,beaufighter_mk6c,,,standard,vehicle,3,1,1
beaufighter_mk21,beaufighter_mkx,,,standard,vehicle,3,1,2
wellington_mk1c,,,,standard,vehicle,4,1,0
wellington_mk1c_late,wellington_mk1c,,,standard,vehicle,4,1,1
spitfire_mk5b,,,,standard,vehicle,1,2,0
spitfire_mk5b_notrop,spitfire_mk5b,,,standard,vehicle,1,2,1
firebrand_tf4,hurricane_mk1c,,,standard,vehicle,2,2,
tempest_mkv_vikkers,beaufighter_group,,,standard,vehicle,3,2,
wellington_mk3,,,,standard,vehicle,4,2,0
wellington_mk10,wellington_mk3,,,standard,vehicle,4,2,1
avenger_mk1,,,,premium,vehicle,0,0,
intruder_mk_1,,,,premium,vehicle,1,0,
hudson_mk_v,,,,premium,vehicle,0,1,
beaufighter_mk1_40mm,,,,premium,vehicle,1,1,
b_48_firecrest,,,,standard,vehicle,0,2,
boston_mk_1,,,,premium,vehicle,1,2,
corsair_fmk2,,,,premium,vehicle,0,3,
db_7,,,,premium,vehicle,1,3,
spitfiremkiia_ep,,,,premium,vehicle,0,4,
hurricane_mk1_late_ep,,,,premium,vehicle,1,4,
d_520,,,,premium,vehicle,0,5,
f4f-4_martlet_mk4,,,,premium,vehicle,1,5,
d_521,,,,standard,vehicle,0,6,
boomerang_mki,,,,premium,vehicle,1,6,
boomerang_mkii,boomerang_mki,,,premium,vehicle,1,7,
typhoon_mk1b_late,typhoon_mk1a,,,standard,vehicle,0,0,
spitfire_ix_early,,,,standard,vehicle,1,0,0
spitfire_xvi,spitfire_ix_early,,,standard,vehicle,1,0,1
firefly_mk1,,,,standard,vehicle,2,0,0
firefly_mk5,firefly_mk1,,,standard,vehicle,2,0,1
mosquito_fb_mk6,,,,standard,vehicle,3,0,0
mosquito_fb_mk18,mosquito_fb_mk6,,,standard,vehicle,3,0,1
halifax_mk3,wellington_late_group,,,standard,vehicle,4,0,
spitfire_mk5c,,,,standard,vehicle,1,1,0
spitfire_mk5c_notrop,spitfire_mk5c,,,standard,vehicle,1,1,1
seafire_mk3,firefly_group,,,standard,vehicle,2,1,
brigand_b1,,,,standard,vehicle,3,1,0
whirlwind_mk1,brigand_b1,,,standard,vehicle,3,1,1
stirling_mk1,,,,standard,vehicle,4,1,0
stirling_mk3,stirling_mk1,,,standard,vehicle,4,1,1
hellcat_fmk1,,,,premium,vehicle,0,0,
typhoon_mk1b,,,,premium,vehicle,1,0,
thunderbolt_mk1,,,,premium,vehicle,0,1,
whirlwind_p9,,,,premium,vehicle,1,1,
p-51b,,,,premium,vehicle,0,2,
spitfire_mk9c_4cannons,,,,premium,vehicle,1,2,
tempest_mkv,typhoon_mk1b_late,,,standard,vehicle,0,0,
spitfire_mk14e,,,,standard,vehicle,1,0,0
spitfire_mk18e,spitfire_mk14e,,,standard,vehicle,1,0,1
spitfire_ix,spitfire_mk18e,,,standard,vehicle,1,0,2
seafire_mk17,,,,standard,vehicle,2,0,0
seafire_fr47,seafire_mk17,,,standard,vehicle,2,0,1
hornet_mk3,brigand_group,,,standard,vehicle,3,0,
lancaster_mk1,,,,standard,vehicle,4,0,0
lancaster_mk3,lancaster_mk1,,,standard,vehicle,4,0,1
tempest_mk2,tempest_mkv,,,standard,vehicle,0,1,
spitfire_f22,,,,standard,vehicle,1,1,0
spitfire_f24,spitfire_f22,,,standard,vehicle,1,1,1
sea_fury_fb11,seafire_group,,,standard,vehicle,2,1,
lincoln_b2,,,,standard,vehicle,4,1,0
shackleton_mr_mk_2,lincoln_b2,,,standard,vehicle,4,1,1
mb_5,,,,premium,vehicle,0,0,
wyvern_s4,,,,premium,vehicle,1,0,
hornet_mk1,,,,premium,vehicle,0,1,
spitfire_mk14c,,,,premium,vehicle,1,1,
spitfire_ix_plagis,,,,premium,vehicle,0,2,
spitfire_fr_mk14e,,,,premium,vehicle,1,2,
strikemaster_mk88,,,,premium,vehicle,0,3,
vampire_fb5,tempest_mk2,,,standard,vehicle,0,0,
meteor_fmk3,,,,standard,vehicle,1,0,0
meteor_fmk3_navy,meteor_fmk3,,,standard,vehicle,1,0,1
attaker_fb1,sea_fury_fb11,,,standard,vehicle,2,0,
swift_f1,hornet_mk3,,,standard,vehicle,3,0,
canberra_bmk2,,,,standard,vehicle,4,0,0
canberra_bimk6,canberra_bmk2,,,standard,vehicle,4,0,1
venom_fb4,vampire_fb5,,,standard,vehicle,0,1,
meteor_fmk4_lw,,,,standard,vehicle,1,1,0
meteor_fmk4_sw,meteor_fmk4_lw,,,standard,vehicle,1,1,1
meteor_fmk8,meteor_fmk4_sw,,,standard,vehicle,1,1,2
sea_hawk_fga6,,,,standard,vehicle,2,1,0
sea_venom_faw20,sea_hawk_fga6,,,standard,vehicle,2,1,1
swift_f7,swift_f1,,,standard,vehicle,3,1,
meteor_fmk8_reaper,,,,premium,vehicle,0,0,
attaker_fb2,,,,premium,vehicle,1,0,
dh_110_sea_vixen,,,,premium,vehicle,0,1,
hunter_f1,venom_fb4,,,standard,vehicle,0,0,
javelin_fmk9,meteor4_group,,,standard,vehicle,1,0,
scimitar_f1,sea_hawk_group,,,standard,vehicle,2,0,
jaguar_gr1,swift_f7,,,standard,vehicle,3,0,
buccaneer_s2,canberra_group,,,standard,vehicle,4,0,
hunter_f6,hunter_f1,,,standard,vehicle,0,1,
lightning_f6,javelin_fmk9,,,standard,vehicle,1,1,
harrier_gr3,jaguar_gr1,,,standard,vehicle,3,1,
lightning_f53,,,,premium,vehicle,0,0,
buccaneer_s1,,,,standard,vehicle,1,0,
harrier_gr1,,,,premium,vehicle,0,1,
hunter_f9_rhodesia,,,,premium,vehicle,1,1,
f-4m_fgr2,hunter_f6,,,standard,vehicle,0,0,
harrier_frs1_early,scimitar_f1,,,standard,vehicle,2,0,
jaguar_gr1a,harrier_gr3,,,standard,vehicle,3,0,
buccaneer_s2b,buccaneer_s2,,,standard,vehicle,4,0,
f-4k,harrier_frs1_early,,,standard,vehicle,2,1,
f_111c_raaf,buccaneer_s2b,,,standard,vehicle,4,1,
harrier_frs1,,,,standard,vehicle,0,0,
jaguar_is,,,,standard,vehicle,1,0,
f-4jk,,,,premium,vehicle,0,1,
harrier_t10,,,,premium,vehicle,1,1,
saab_jas39c_south_africa,f-4m_fgr2,,,standard,vehicle,0,0,
tornado_f3,lightning_f6,,,standard,vehicle,1,0,
sea_harrier_fa2,f-4k,,,standard,vehicle,2,0,
harrier_gr7,jaguar_gr1a,,,standard,vehicle,3,0,
tornado_gr1,f_111c_raaf,,,standard,vehicle,4,0,
ef_2000_fgr4,saab_jas39c_south_africa,,,standard,vehicle,0,1,
tornado_f3_late,tornado_f3,,,standard,vehicle,1,1,
tornado_gr4,tornado_gr1,,,standard,vehicle,4,1,
mig-21_bison,,,,premium,vehicle,0,0,
f1m2,,,,standard,vehicle,0,0,
ki_10_1,,,,standard,vehicle,1,0,0
ki_10_2,ki_10_1,,,standard,vehicle,1,0,1
ki_10_1_commander,ki_10_2,,,standard,vehicle,1,0,2
ki_10_2_commander,,,,standard,vehicle,1,0,3
ki-45_tei,,,,standard,vehicle,2,0,0
ki-45_otsu,ki-45_tei,,,standard,vehicle,2,0,1
b5n2,,,,standard,vehicle,3,0,
ki_32,,,,standard,vehicle,4,0,
a5m4,f1m2,,,standard,vehicle,0,1,
ki-27_otsu,ki-10_group,,,standard,vehicle,1,1,
ki-45_ko,,,,standard,vehicle,2,1,0
ki-45_hei,ki-45_ko,,,standard,vehicle,2,1,1
d3a1,b5n2,,,standard,vehicle,3,1,
ki_21_1ko,ki_32,,,standard,vehicle,4,1,
ki_43_1,,,,standard,vehicle,1,2,0
ki_43_2,ki_43_1,,,standard,vehicle,1,2,1
ki_109,ki-45_group,,,standard,vehicle,2,2,
b6n1,d3a1,,,standard,vehicle,3,2,
h6k4,ki_21_1ko,,,standard,vehicle,4,2,
a5m4_hagiri,,,,premium,vehicle,0,0,
ki-27_otsu_ep,,,,premium,vehicle,0,1,
a6m2_n_zero,,,,standard,vehicle,0,0,0
n1k1_kyuofu,a6m2_n_zero,,,standard,vehicle,0,0,1
ki_44_1,,,,standard,vehicle,1,0,0
ki_61_1a_ko,ki_44_1,,,standard,vehicle,1,0,1
j1n1_mod11_early,,,,standard,vehicle,2,0,
b6n2,,,,standard,vehicle,3,0,0
b6n2a,b6n2,,,standard,vehicle,3,0,1
g4m1,,,,standard,vehicle,4,0,
a6m2_mod11,,,,standard,vehicle,0,1,0
a6m2_zero,a6m2_mod11,,,standard,vehicle,0,1,1
ki_44_2_hei,,,,standard,vehicle,1,1,0
ki_61_1a_otsu,ki_44_2_hei,,,standard,vehicle,1,1,1
ki_102_otsu,j1n1_mod11_early,,,standard,vehicle,2,1,
d4y1,,,,standard,vehicle,3,1,0
d4y2,d4y1,,,standard,vehicle,3,1,1
h8k2,g4m1,,,standard,vehicle,4,1,
d4y3,d4y_group,,,standard,vehicle,3,2,
ki-49_1,,,,standard,vehicle,4,2,0
ki-49_2a,ki-49_1,,,standard,vehicle,4,2,1
a7he1,,,,premium,vehicle,0,0,
ki_48_2_otsu,,,,premium,vehicle,1,0,
ki_44_1_ep,,,,premium,vehicle,0,1,
ki_21_1hei,,,,premium,vehicle,1,1,
ki_44_2_otsu,,,,premium,vehicle,0,2,
bf-109e-3_japan,,,,premium,vehicle,1,2,
h8k3,,,,premium,vehicle,0,3,
f4u-1a_japan,,,,premium,vehicle,1,3,
a6m3_zero,,,,standard,vehicle,0,0,0
a6m3_mod22_zero,a6m3_zero,,,standard,vehicle,0,0,1
a6m3_mod22ko_zero,a6m3_mod22_zero,,,standard,vehicle,0,0,2
ki_43_3_otsu,ki_61_group,,,standard,vehicle,1,0,
ki_108,ki_102_otsu,,,standard,vehicle,2,0,
p1y1_mod11,d4y3,,,standard,vehicle,3,0,
ki-49_2b,,,,standard,vehicle,4,0,0
ki-49_2b_late,ki-49_2b,,,standard,vehicle,4,0,1
a6m5_zero,a6m3_mod22_group,,,standard,vehicle,0,1,
ki_61_1a_tei,,,,standard,vehicle,1,1,0
ki_61_2_early,ki_61_1a_tei,,,standard,vehicle,1,1,1
j2m2,ki_108,,,standard,vehicle,2,1,
b7a2,p1y1_mod11,,,standard,vehicle,3,1,
g5n1,ki_49_2_group,,,standard,vehicle,4,1,
ki_100_early,ki_61_late_group,,,standard,vehicle,1,2,
j5n1,j2m2,,,standard,vehicle,2,2,
ki_67_1_ko,,,,standard,vehicle,4,2,0
ki_67_1_otsu,ki_67_1_ko,,,standard,vehicle,4,2,1
ki-96,,,,premium,vehicle,0,0,
p-51c-11-nt_japan,,,,premium,vehicle,1,0,
ki_100_2,,,,premium,vehicle,0,1,
b7a2_homare_23,,,,premium,vehicle,1,1,
sb2c_5_thailand,,,,premium,vehicle,0,2,
a6m5otsu,,,,standard,vehicle,0,0,0
a6m5hei,a6m5otsu,,,standard,vehicle,0,0,1
ki_61_1a_hei,ki_100_early,,,standard,vehicle,1,0,
j7w1,j5n1,,,standard,vehicle,2,0,
g8n1,ki_67_group,,,standard,vehicle,4,0,
a7m2,a6m5_group,,,standard,vehicle,0,1,
ki_84_ko,,,,standard,vehicle,1,1,0
ki_84_otsu,ki_84_ko,,,standard,vehicle,1,1,1
j2m3,,,,standard,vehicle,2,1,0
j2m5,j2m3,,,standard,vehicle,2,1,1
n1k1_ja,,,,standard,vehicle,0,2,0
n1k2_j,n1k1_ja,,,standard,vehicle,0,2,1
n1k2_jko,n1k2_j,,,standard,vehicle,0,2,2
ki_84_hei,ki_84_group,,,standard,vehicle,1,2,
ki-83,j2m_group,,,standard,vehicle,2,2,
b-17e_japan,,,,premium,vehicle,0,0,
a6m6c,,,,premium,vehicle,1,0,
a7m1,,,,premium,vehicle,0,1,
a6m5ko,,,,premium,vehicle,1,1,
ki_61_1a_hei_ep,,,,premium,vehicle,0,2,
fw-190a-5_japan,,,,premium,vehicle,1,2,
j2m4_kai,,,,premium,vehicle,0,3,
ki_94_2,,,,standard,vehicle,1,3,
j2m5_30mm,,,,premium,vehicle,0,4,
j6k1,,,,premium,vehicle,1,4,
ki_87,,,,premium,vehicle,0,5,
kitsuka,n1k2_group,,,standard,vehicle,0,0,
j8m1,ki_84_hei,,,standard,vehicle,1,0,
f-84g_thailand,ki-83,,,standard,vehicle,2,0,
r2y2_v1,,,,standard,vehicle,3,0,0
r2y2_v2,r2y2_v1,,,standard,vehicle,3,0,1
r2y2_kai,r2y2_v2,,,standard,vehicle,3,0,2
f-86f-30_japan,,,,standard,vehicle,0,1,0
f-86f-40_japan,f-86f-30_japan,,,standard,vehicle,0,1,1
f-86f-40_japan_blue_impulse,,,,premium,vehicle,0,0,
f-104j,f-86_japan_group,,,standard,vehicle,0,0,
t2,j8m1,,,standard,vehicle,1,0,
alpha_jet_a_thailand,f-84g_thailand,,,standard,vehicle,2,0,
f1,t2,,,standard,vehicle,1,1,
alpha_jet_th_phase_1,alpha_jet_a_thailand,,,standard,vehicle,2,1,
t2_early,,,,premium,vehicle,0,0,
av_8s_thailand,,,,premium,vehicle,0,1,
f-4ej,f-104j,,,standard,vehicle,0,0,
a_7e_thailand,f1,,,standard,vehicle,1,0,
f-5a_thailand,alpha_jet_th_phase_1,,,standard,vehicle,2,0,
av_8s_late_thailand,a_7e_thailand,,,standard,vehicle,1,1,
f-5t_thailand,f-5a_thailand,,,standard,vehicle,2,1,
f-5e_fcu_thailand,,,,standard,vehicle,0,0,
f-4ej_adtw,,,,premium,vehicle,1,0,
f-4ej_kai,f-4ej,,,standard,vehicle,0,0,
f_16aj,av_8s_late_thailand,,,standard,vehicle,1,0,
f_16a_block_15_ocu_thailand,f-5t_thailand,,,standard,vehicle,2,0,
f_15j,f-4ej_kai,,,standard,vehicle,0,1,
saab_jas39c_thailand,f_16a_block_15_ocu_thailand,,,standard,vehicle,2,1,
f_15j_kai,f_15j,,,standard,vehicle,0,2,
gladiator_mk1_china,,,,standard,vehicle,0,0,
i-15bis_china,,,,standard,vehicle,1,0,
hs-123a-1_china,,,,standard,vehicle,2,0,
martin_139wc,,,,standard,vehicle,3,0,
ki-27_otsu_china,,,,standard,vehicle,0,1,0
ki_43_3_ko,ki-27_otsu_china,,,standard,vehicle,0,1,1
i-16_chung_28,,,,standard,vehicle,1,1,0
i-16_type5_1935_china,i-16_chung_28,,,standard,vehicle,1,1,1
v_11g,hs-123a-1_china,,,standard,vehicle,2,1,
cw_21,ki_27_group,,,standard,vehicle,0,2,
i-153_m62_china,i-16_china_group,,,standard,vehicle,1,2,
v_12d,v_11g,,,standard,vehicle,2,2,
hawk_iii,,,,premium,vehicle,0,0,
d_510c,,,,premium,vehicle,0,1,
p-66,,,,standard,vehicle,0,0,
i-16_type10_china,,,,standard,vehicle,1,0,
a_29_hudson,,,,standard,vehicle,2,0,
db_3a_china,,,,standard,vehicle,3,0,0
sb_2m_103u_china,db_3a_china,,,standard,vehicle,3,0,1
p-40e_china,,,,standard,vehicle,0,1,0
p-43a-1_china,p-40e_china,,,standard,vehicle,0,1,1
i-16_type17_china,i-16_type10_china,,,standard,vehicle,1,1,
p1y1_mod11_china,db_3_china_group,,,standard,vehicle,3,1,
p-40c_china,,,,premium,vehicle,0,0,
ki-45_hei_tei_china,,,,premium,vehicle,0,1,
p-47d_23_ra_china_rocaf,,,,standard,vehicle,0,0,0
p-47d_30_china,p-47d_23_ra_china_rocaf,,,standard,vehicle,0,0,1
ki_44_2_hei_china,i-16_type17_china,,,standard,vehicle,1,0,
mosquito_fb_mk26_china,a_29_hudson,,,standard,vehicle,2,0,
b_25j_30_china,p1y1_mod11_china,,,standard,vehicle,3,0,
p-51d-20_china,,,,standard,vehicle,0,1,0
p-51k,p-51d-20_china,,,standard,vehicle,0,1,1
ki_61_1a_otsu_china,ki_44_2_hei_china,,,standard,vehicle,1,1,
p-38l_1_china_rocaf,mosquito_fb_mk26_china,,,standard,vehicle,2,1,
a6m2_zero_china,,,,premium,vehicle,0,0,
p-51c-11-nt_china,,,,premium,vehicle,1,0,
f_47n_25_re_china,,,,premium,vehicle,1,1,
la-11_china,ki_61_1a_otsu_china,,,standard,vehicle,1,0,
il-10_1946_china,p-38l_1_china_rocaf,,,standard,vehicle,2,0,
pb4y-2_china,b_25j_30_china,,,standard,vehicle,3,0,
la-9_china,la-11_china,,,standard,vehicle,1,1,
tu-2_postwar_china,pb4y-2_china,,,standard,vehicle,3,1,
ki_84_ko_china,,,,premium,vehicle,0,0,
f-86f-30_china,,,,standard,vehicle,0,0,0
f-86f-40_china,f-86f-30_china,,,standard,vehicle,0,0,1
mig-9_china,,,,standard,vehicle,1,0,0
mig-9_late_china,mig-9_china,,,standard,vehicle,1,0,1
f-84g_china,il-10_1946_china,,,standard,vehicle,2,0,
tu_4_china,tu-2_postwar_china,,,standard,vehicle,3,0,
mig-15bis_nr23_china,,,,standard,vehicle,1,1,0
mig-17_china,mig-15bis_nr23_china,,,standard,vehicle,1,1,1
il_28_china,tu_4_china,,,standard,vehicle,3,1,
f-84g-31-re_china,,,,premium,vehicle,0,0,
f-100a_china,f_86_china_group,,,standard,vehicle,0,0,
mig-19j_6a,,,,standard,vehicle,1,0,0
j_7_mk2,mig-19j_6a,,,standard,vehicle,1,0,1
q_5_early,f-84g_china,,,standard,vehicle,2,0,
f-104a_china,f-100a_china,,,standard,vehicle,0,1,
q_5a,q_5_early,,,standard,vehicle,2,1,
mig-17_f5,,,,premium,vehicle,0,0,
f_100f_china,,,,standard,vehicle,1,0,
f-104g_china,f-104a_china,,,standard,vehicle,0,0,
j_7e,mig-19_china_group,,,standard,vehicle,1,0,
q_5l,q_5a,,,standard,vehicle,2,0,
f-5a_china,,,,standard,vehicle,0,1,0
f-5e_aidc,f-5a_china,,,standard,vehicle,0,1,1
j_8b,j_7e,,,standard,vehicle,1,1,
a_5c,,,,premium,vehicle,0,0,
j_7d,,,,premium,vehicle,0,1,
f_16a_block_20_mlu,f_5a_china_group,,,standard,vehicle,0,0,
j_8f,j_8b,,,standard,vehicle,1,0,
jh_7a,q_5l,,,standard,vehicle,2,0,
j_10a,f_16a_block_20_mlu,,,standard,vehicle,0,1,
j_11,,,,standard,vehicle,1,1,0
j_11a,j_11,,,standard,vehicle,1,1,1
mirage_2000_5ei,j_10a,,,standard,vehicle,0,2,
j_11b,j_11_group,,,standard,vehicle,1,2,
jf_17,,,,standard,vehicle,0,0,
ro_44,,,,standard,vehicle,0,0,
cr_32,,,,standard,vehicle,1,0,0
cr_32_quater,cr_32,,,standard,vehicle,1,0,1
ba_65_k14_l,,,,standard,vehicle,2,0,0
ju-87r-2_italy,ba_65_k14_l,,,standard,vehicle,2,0,1
s_81_ar125,,,,standard,vehicle,3,0,
re_2000_int,,,,standard,vehicle,0,1,0
re_2000_ga,re_2000_int,,,standard,vehicle,0,1,1
fiat_cr42_italy,cr_32_group,,,standard,vehicle,1,1,
breda_88,,,,standard,vehicle,2,1,0
p_108a_serie2,breda_88,,,standard,vehicle,2,1,1
br_20_dr,,,,standard,vehicle,3,1,0
br_20m_m1,br_20_dr,,,standard,vehicle,3,1,1
fiat_g50_seria2_italy,,,,standard,vehicle,1,2,0
fiat_g50_seria7as_italy,fiat_g50_seria2_italy,,,standard,vehicle,1,2,1
fc_20_bis,breda_group,,,standard,vehicle,2,2,
sm_79_1936_italy,,,,standard,vehicle,3,2,0
sm_79_1939_italy,sm_79_1936_italy,,,standard,vehicle,3,2,1
fiat_cr42_marcolin_italy,,,,premium,vehicle,0,0,
cr_32_bis,,,,premium,vehicle,0,1,
re_2002_early,,,,standard,vehicle,0,0,
mc200_serie3_italy,,,,standard,vehicle,1,0,0
mc200_serie7_italy,mc200_serie3_italy,,,standard,vehicle,1,0,1
ju-87d-3_italy,,,,standard,vehicle,2,0,
sm_79_1941_italy,,,,standard,vehicle,3,0,0
sm_79_1943_italy,sm_79_1941_italy,,,standard,vehicle,3,0,1
sm_79_iar_italy,sm_79_1943_italy,,,standard,vehicle,3,0,2
re_2001_serie1,,,,standard,vehicle,0,1,0
re_2001_cb,re_2001_serie1,,,standard,vehicle,0,1,1
mc-202_italy,,,,standard,vehicle,1,1,0
mc-205_serie1,mc-202_italy,,,standard,vehicle,1,1,1
sm_91,ju-87d-3_italy,,,standard,vehicle,2,1,
z_1007_bis_serie3,,,,standard,vehicle,3,1,0
z_1007_bis_serie5,z_1007_bis_serie3,,,standard,vehicle,3,1,1
he_112b_1_italy,,,,premium,vehicle,0,0,
iar_81c,,,,premium,vehicle,1,0,
re_2001_serie1_ep,,,,premium,vehicle,0,1,
ro_57_quadriarma,,,,premium,vehicle,1,1,
mc-202_d,,,,premium,vehicle,1,2,
re_2001_cn,re_2001_group,,,standard,vehicle,0,0,
mc-202_ec,mc_202_italy_group,,,standard,vehicle,1,0,
sm_92,sm_91,,,standard,vehicle,2,0,
p_108b_serie1,,,,standard,vehicle,3,0,0
p_108b_serie2,p_108b_serie1,,,standard,vehicle,3,0,1
g_55_serie1_ss0,re_2001_cn,,,standard,vehicle,0,1,
mc-205_n2,mc-202_ec,,,standard,vehicle,1,1,
p-47d_30_italy,sm_92,,,standard,vehicle,2,1,
hs-129b-2_romania_italy,,,,premium,vehicle,0,0,
bf_110g_4_hungary,,,,premium,vehicle,1,0,
spitfire_mk5b_italy,,,,premium,vehicle,0,1,
bf-109f-4_hungary,,,,premium,vehicle,1,1,
g_55_serie1,,,,standard,vehicle,0,0,0
re_2005_serie0,g_55_serie1,,,standard,vehicle,0,0,1
mc-205_serie3,mc-205_n2,,,standard,vehicle,1,0,
il-10_1946_hungary,p-47d_30_italy,,,standard,vehicle,2,0,
tu-2_postwar_late_hungary,p_108_group,,,standard,vehicle,3,0,
yak-9p_hungary,,,,standard,vehicle,4,0,
g_56,g_55_serie_group,,,standard,vehicle,0,1,
bf-109g-14as,mc-205_serie3,,,standard,vehicle,1,1,
bf-109g-2_hungary,,,,premium,vehicle,0,0,
g_55s,,,,premium,vehicle,0,1,
vampire_fb52a_italy,g_56,,,standard,vehicle,0,0,
fiat_g91_ps,,,,standard,vehicle,1,0,0
fiat_g91_r1,fiat_g91_ps,,,standard,vehicle,1,0,1
f-84g_italy,il-10_1946_hungary,,,standard,vehicle,2,0,
il_28_hungary,tu-2_postwar_late_hungary,,,standard,vehicle,3,0,
mig-15bis_nr23_hungary,yak-9p_hungary,,,standard,vehicle,4,0,
f-86_cl_13_mk4_italy,vampire_fb52a_italy,,,standard,vehicle,0,1,
fiat_g91_r4,,,,premium,vehicle,0,0,
f-86k_late_italy,f-86_cl_13_mk4_italy,,,standard,vehicle,0,0,
sagittario_2,fiat_g91_group,,,standard,vehicle,1,0,
f-84f_italy,f-84g_italy,,,standard,vehicle,2,0,
mig-17pf_hungary,mig-15bis_nr23_hungary,,,standard,vehicle,4,0,
f-104g_italy,f-86k_late_italy,,,standard,vehicle,0,1,
fiat_g91_y,,,,standard,vehicle,1,1,0
fiat_g91_ys,fiat_g91_y,,,standard,vehicle,1,1,1
ariete,,,,premium,vehicle,0,0,
iar_93b,,,,standard,vehicle,0,1,
f-104s,f-104g_italy,,,standard,vehicle,0,0,
amx,fiat_g91y_group,,,standard,vehicle,1,0,
tornado_ids_it,f-84f_italy,,,standard,vehicle,2,0,
su_22m3_hungary,il_28_hungary,,,standard,vehicle,3,0,
mig-21_mf_hungary,,,,standard,vehicle,4,0,0
mig-21_bis_sau_hungary,mig-21_mf_hungary,,,standard,vehicle,4,0,1
f-104s_asa,f-104s,,,standard,vehicle,0,1,
mig_23mf_hungary,mig-21_hungary_group,,,standard,vehicle,4,1,
amx_a_1a_brazil,,,,premium,vehicle,0,0,
f-104s_cb,,,,premium,vehicle,0,1,
f_16a_block_15_adf_italy,f-104s_asa,,,standard,vehicle,0,0,
tornado_adv,amx,,,standard,vehicle,1,0,
tornado_ids_it_mod95,,,,standard,vehicle,2,0,0
tornado_ids_it_ret8,tornado_ids_it_mod95,,,standard,vehicle,2,0,1
mig_29_9_12b_hungary,mig_23mf_hungary,,,standard,vehicle,4,0,
ef_2000a,f_16a_block_15_adf_italy,,,standard,vehicle,0,1,
av_8b_plus_italy,tornado_ids_it_group,,,standard,vehicle,2,1,
saab_jas39c_hungary,mig_29_9_12b_hungary,,,standard,vehicle,4,1,
d_371,,,,standard,vehicle,0,0,0
d_373,d_371,,,standard,vehicle,0,0,1
d_500,,,,standard,vehicle,1,0,0
d_501,d_500,,,standard,vehicle,1,0,1
v_156_f,,,,standard,vehicle,2,0,
potez_633,,,,standard,vehicle,3,0,
gladiator_mk1_belgium,,,,standard,vehicle,4,0,
caudron_cr714,d_371_group,,,standard,vehicle,0,1,
h-75a-1_france,,,,standard,vehicle,1,1,0
h-75a-4_france,h-75a-1_france,,,standard,vehicle,1,1,1
br_693_ab2,v_156_f,,,standard,vehicle,2,1,
f_222_2,potez_633,,,standard,vehicle,3,1,
ms_405c1,,,,standard,vehicle,0,2,0
ms_406c1,ms_405c1,,,standard,vehicle,0,2,1
maryland_mk1_france,,,,standard,vehicle,3,2,0
mb_174_a3,maryland_mk1_france,,,standard,vehicle,3,2,1
d_510,,,,premium,vehicle,0,0,
late_298d,,,,premium,vehicle,1,0,
pby-5a_late_france,,,,premium,vehicle,0,1,
d_371_hs9,,,,premium,vehicle,1,1,
mb_151c1,,,,premium,vehicle,1,2,
ms_410c1,,,,standard,vehicle,0,0,
potez_630,,,,standard,vehicle,1,0,0
potez_631,potez_630,,,standard,vehicle,1,0,1
a-35b,,,,standard,vehicle,2,0,
nc_223_3,,,,standard,vehicle,3,0,
fokker_g1a,,,,standard,vehicle,4,0,
vg_33,,,,standard,vehicle,0,1,0
d_520_france,vg_33,,,standard,vehicle,0,1,1
f6f-5_france,potez_group,,,standard,vehicle,1,1,
mb_175t,a-35b,,,standard,vehicle,2,1,
leo_451_early,,,,standard,vehicle,3,1,0
leo_451_late,leo_451_early,,,standard,vehicle,3,1,1
p-40f-5_france_ep,,,,premium,vehicle,0,0,
mb_152c1,,,,premium,vehicle,0,1,
vb_10c1,vg_33_group,,,standard,vehicle,0,0,
mb_157,f6f-5_france,,,standard,vehicle,1,0,
sb2c_5_france,mb_175t,,,standard,vehicle,2,0,
b_26c_france,leo_451_group,,,standard,vehicle,3,0,
firefly_mk4_netherlands,fokker_g1a,,,standard,vehicle,4,0,
vb_10_02,vb_10c1,,,standard,vehicle,0,1,
p-63c-5_france,mb_157,,,standard,vehicle,1,1,
mb_162,b_26c_france,,,standard,vehicle,3,1,
p-47d_22_re_france,,,,premium,vehicle,0,0,
p-39q_25_france,,,,premium,vehicle,1,0,
yak-9t_france,,,,premium,vehicle,0,1,
p-51c-10_france,,,,premium,vehicle,1,1,
yak-3_france,,,,premium,vehicle,0,2,
seafire_mk3_france,vb_10_02,,,standard,vehicle,0,0,
f6f-5n_france,p-63c-5_france,,,standard,vehicle,1,0,
douglas_ad_4_france,sb2c_5_france,,,standard,vehicle,2,0,
pb4y-2_france,mb_162,,,standard,vehicle,3,0,
spitfire_fr_mk14e_belgium,firefly_mk4_netherlands,,,standard,vehicle,4,0,
sea_fury_fb51,seafire_mk3_france,,,standard,vehicle,0,1,
f8f1b_france,f6f-5n_france,,,standard,vehicle,1,1,
f4u-7,douglas_ad_4_france,,,standard,vehicle,2,1,
lancaster_mr7_france,pb4y-2_france,,,standard,vehicle,3,1,
so_8000_narval,,,,premium,vehicle,0,0,
fw-190a-8_france,,,,premium,vehicle,1,0,
douglas_ad_4na_france,,,,premium,vehicle,0,1,
md_450b_ouragan,,,,standard,vehicle,0,0,0
md_450b_barougan,md_450b_ouragan,,,standard,vehicle,0,0,1
so_4050_vautour_2n_late,f8f1b_france,,,standard,vehicle,1,0,
f-84g_france,f4u-7,,,standard,vehicle,2,0,
meteor_fmk8_belgium,spitfire_fr_mk14e_belgium,,,standard,vehicle,4,0,
md_452_mystere_2a,,,,standard,vehicle,0,1,0
md_452_mystere_2c_preproduction,md_452_mystere_2a,,,standard,vehicle,0,1,1
sea_hawk_fga50_netherlands,,,,premium,vehicle,0,0,
md_454_mystere_4a,,,,standard,vehicle,0,0,0
md_460,md_454_mystere_4a,,,standard,vehicle,0,0,1
f-86k_late,so_4050_vautour_2n_late,,,standard,vehicle,1,0,
f-84f_france,f-84g_france,,,standard,vehicle,2,0,
so_4050_vautour_2b,,,,standard,vehicle,3,0,0
so_4050_vautour_2a,so_4050_vautour_2b,,,standard,vehicle,3,0,1
hunter_f6_holland,meteor_fmk8_belgium,,,standard,vehicle,4,0,
alpha_jet_e,f-86k_late,,,standard,vehicle,1,1,
f-100d_france,f-84f_france,,,standard,vehicle,2,1,
etndard_4m,so_4050_vautour_group,,,standard,vehicle,3,1,
so_4050_vautour_2n,,,,premium,vehicle,0,0,
f-84f_iaf,,,,premium,vehicle,1,0,
mirage_milan,,,,premium,vehicle,0,1,
so_4050_vautour_2a_iaf,,,,premium,vehicle,1,1,
md_460_yt_cup_2019,,,,standard,vehicle,1,2,
mirage_3c,,,,standard,vehicle,0,0,0
mirage_3e,mirage_3c,,,standard,vehicle,0,0,1
f-8e_fn,alpha_jet_e,,,standard,vehicle,1,0,
mirage_5f,f-100d_france,,,standard,vehicle,2,0,
super_etendard_97,etndard_4m,,,standard,vehicle,3,0,
mirage_5ba,hunter_f6_holland,,,standard,vehicle,4,0,
mirage_f1c,mirage_3_group,,,standard,vehicle,0,1,
mirage_f1ct,mirage_5f,,,standard,vehicle,2,1,
jaguar_a,super_etendard_97,,,standard,vehicle,3,1,
f-104g_belgium,mirage_5ba,,,standard,vehicle,4,1,
mirage_f1c_200,,,,premium,vehicle,0,0,
jaguar_e,,,,standard,vehicle,1,0,
mirage_2000c_s5,mirage_f1c,,,standard,vehicle,0,0,
mirage_4000,f-8e_fn,,,standard,vehicle,1,0,
mirage_2000d_r1,jaguar_a,,,standard,vehicle,3,0,
f_16a_block_15_belgium,f-104g_belgium,,,standard,vehicle,4,0,
mirage_2000_5f,mirage_2000c_s5,,,standard,vehicle,0,1,
mirage_2000d_rmv,mirage_2000d_r1,,,standard,vehicle,3,1,
f_16am_block_15_mlu_belgium,f_16a_block_15_belgium,,,standard,vehicle,4,1,
rafale_c_f3,mirage_2000_5f,,,standard,vehicle,0,2,
mirage_2000c_s4,,,,standard,vehicle,0,0,
gladiator_j8a,,,,standard,vehicle,0,0,0
j6b,gladiator_j8a,,,standard,vehicle,0,0,1
saab_b17bs,,,,standard,vehicle,1,0,
he_115a_2_sweden,,,,standard,vehicle,2,0,
fokker_d21_serie3_finland,,,,standard,vehicle,3,0,
fiat_cr42_j11,gladiator_j8a_group,,,standard,vehicle,0,1,
saab_b17b,,,,standard,vehicle,1,1,0
saab_b17a,saab_b17b,,,standard,vehicle,1,1,1
saab_b3c,he_115a_2_sweden,,,standard,vehicle,2,1,
gladiator_j8a_iacobi,,,,premium,vehicle,0,0,
arado-196a-5,,,,premium,vehicle,0,1,
re_2000_j20,,,,standard,vehicle,0,0,
saab_b18a,,,,standard,vehicle,2,0,
b_239_finland,,,,standard,vehicle,3,0,
ffvs_j22_a,re_2000_j20,,,standard,vehicle,0,1,
ju-88a-4_finland,saab_b18a,,,standard,vehicle,2,1,
hurricane_mk1_late_finland,b_239_finland,,,standard,vehicle,3,1,
fokker_d21_mod20,,,,premium,vehicle,0,0,
j9_early,,,,premium,vehicle,1,0,
morko_morane,,,,premium,vehicle,0,1,
vl_myrsky_2_late,,,,premium,vehicle,1,1,
ffvs_j22_b,ffvs_j22_a,,,standard,vehicle,0,0,
saab_b18b,ju-88a-4_finland,,,standard,vehicle,2,0,
p-51d-20-na_j26,hurricane_mk1_late_finland,,,standard,vehicle,3,0,
saab_t18b_1,,,,standard,vehicle,2,1,0
saab_t18b_2,saab_t18b_1,,,standard,vehicle,2,1,1
p-51b_7_sweden,,,,premium,vehicle,0,0,
pyorremyrsky,,,,premium,vehicle,0,1,
saab_j21a_1,,,,standard,vehicle,0,0,0
saab_j21a_2,saab_j21a_1,,,standard,vehicle,0,0,1
saab_a21a_3,,,,standard,vehicle,1,0,
bf-109g-2_finland,,,,standard,vehicle,3,0,0
bf-109g-6_erla_finland,bf-109g-2_finland,,,standard,vehicle,3,0,1
bf-109g-6_finland,,,,premium,vehicle,0,0,
saab_j21ra,saab_j21a_group,,,standard,vehicle,0,0,
saab_a21rb,saab_a21a_3,,,standard,vehicle,1,0,
saab_sk60b,saab_t18b_group,,,standard,vehicle,2,0,
vampire_fb5_j28b,,,,standard,vehicle,3,0,0
vampire_fb52_finland,vampire_fb5_j28b,,,standard,vehicle,3,0,1
saab_j29a,saab_j21ra,,,standard,vehicle,0,1,
saab_j29b,saab_a21rb,,,standard,vehicle,1,1,
saab_105g,saab_sk60b,,,standard,vehicle,2,1,
saab_105oe,,,,premium,vehicle,0,0,
saab_j29d,,,,premium,vehicle,0,1,
saab_j29f,saab_j29a,,,standard,vehicle,0,0,
saab_a32a,saab_j29b,,,standard,vehicle,1,0,
hunter_f50_sweden,vampire_fb_group,,,standard,vehicle,3,0,
saab_j32b,saab_j29f,,,standard,vehicle,0,1,
saab_a32a_red_adam,,,,premium,vehicle,0,0,
saab_j35a,,,,premium,vehicle,0,1,
saab_j35d,saab_j32b,,,standard,vehicle,0,0,
saab_aj37,saab_a32a,,,standard,vehicle,1,0,
mig_21_bis_finland,hunter_f50_sweden,,,standard,vehicle,3,0,
saab_ja37,saab_j35d,,,standard,vehicle,0,1,
saab_ajs37,saab_aj37,,,standard,vehicle,1,1,
saab_j35xs,,,,premium,vehicle,0,0,
f-5ag_norway,,,,standard,vehicle,0,1,
saab_ja37d,,,,standard,vehicle,0,0,0
saab_ja37di,saab_ja37d,,,standard,vehicle,0,0,1
fa_18c_finland,mig_21_bis_finland,,,standard,vehicle,3,0,
saab_jas39a,saab_ja37d_group,,,standard,vehicle,0,1,
saab_jas39c,saab_jas39a,,,standard,vehicle,0,2,
saab_ja37di_f21,,,,premium,vehicle,0,0,
spitfire_mk9c_iaf,,,,standard,vehicle,0,0,
s_199,,,,standard,vehicle,1,0,
b-17g_iaf,,,,standard,vehicle,2,0,
spitfire_lf_mk9e_iaf,spitfire_mk9c_iaf,,,standard,vehicle,0,1,
p-51d-20-na_iaf,s_199,,,standard,vehicle,1,1,
spitfire_lf_mk9e_weisman,,,,premium,vehicle,0,0,
meteor_nfmk13,spitfire_lf_mk9e_iaf,,,standard,vehicle,0,0,
md_450b_ouragan_iaf,p-51d-20-na_iaf,,,standard,vehicle,1,0,
meteor_fmk8_iaf,meteor_nfmk13,,,standard,vehicle,0,1,
md_454_mystere_4a_iaf,meteor_fmk8_iaf,,,standard,vehicle,0,0,
a_4h,,,,standard,vehicle,1,0,0
a_4e_early_iaf,a_4h,,,standard,vehicle,1,0,1
so_4050_vautour_2a_israel_iaf,,,,standard,vehicle,2,0,0
so_4050_vautour_2n_iaf,so_4050_vautour_2a_israel_iaf,,,standard,vehicle,2,0,1
md_460_sambad,,,,standard,vehicle,0,1,0
md_460_saar,md_460_sambad,,,standard,vehicle,0,1,1
a_4n,a_4_iaf_group,,,standard,vehicle,1,1,
f-84f_israel_iaf,,,,premium,vehicle,0,0,
a_4e_late_iaf,,,,premium,vehicle,0,1,
mirage_3cj,md_460_iaf_group,,,standard,vehicle,0,0,
f-4e_iaf,a_4n,,,standard,vehicle,1,0,
nesher,so_4050_vautour_iaf_group,,,standard,vehicle,2,0,
kfir_c7,mirage_3cj,,,standard,vehicle,0,1,
kfir_canard,,,,premium,vehicle,0,0,
kfir_c2,,,,standard,vehicle,0,1,
f_16a_block_10_iaf,kfir_c7,,,standard,vehicle,0,0,
f-4e_kurnass_2000,f-4e_iaf,,,standard,vehicle,1,0,
f_16d_block_40_barak_2,nesher,,,standard,vehicle,2,0,
f_16c_block_40_barak_2,f_16a_block_10_iaf,,,standard,vehicle,0,1,
f_15a_iaf,f-4e_kurnass_2000,,,standard,vehicle,1,1,
f_15i_raam,f_16d_block_40_barak_2,,,standard,vehicle,2,1,
f_15c_baz_msip,f_15a_iaf,,,standard,vehicle,1,2,
f_16a_block_10_netz_mod,,,,premium,vehicle,0,0,
kfir_c10_colombia,,,,standard,vehicle,0,1,
os2u_group,,OS2U,,standard,folder,,,
os2u_1,os2u_group,,,standard,vehicle,3,0,0
os2u_3,os2u_group,,,standard,vehicle,3,0,1
tbd_group,,TBD/B-18,,standard,folder,,,
tbd-1_1938,tbd_group,,,standard,vehicle,4,0,0
b_18a,tbd-1_1938,,,standard,vehicle,4,0,1
p-26_group,p-26a_34_m2,P-26,,standard,folder,,,
p-26a_33,p-26_group,,,standard,vehicle,0,1,0
p-26b_35,p-26a_33,,,standard,vehicle,0,1,1
sb2u_group,,SB2U,,standard,folder,,,
sb2u-2,sb2u_group,,,standard,vehicle,3,1,0
sb2u-3,sb2u-2,,,standard,vehicle,3,1,1
pby_group,tbd_group,PBY-5,,standard,folder,,,
pby-5,pby_group,,,standard,vehicle,4,1,0
pby-5a,pby-5,,,standard,vehicle,4,1,1
tbf_group,sb2u_group,TBF/SBD,,standard,folder,,,
tbf-1c,tbf_group,,,standard,vehicle,3,2,0
sbd-3,tbf-1c,,,standard,vehicle,3,2,1
p-38_group,p-400,P-38 (e),,standard,folder,,,
p-38e,p-38_group,,,standard,vehicle,0,1,0
p-38g,p-38e,,,standard,vehicle,0,1,1
p-40_group,p-36g,P-40,,standard,folder,,,
p-40e,p-40_group,,,standard,vehicle,1,1,0
p-40f_10,p-40e,,,standard,vehicle,1,1,1
f4f_group,f2a-3,F4F/F6F,,standard,folder,,,
f4f-3,f4f_group,,,standard,vehicle,2,1,0
f4f-4,f4f-3,,,standard,vehicle,2,1,1
f6f-3,f4f-4,,,standard,vehicle,2,1,2
p-39_group,p-38_group,P-39,,standard,folder,,,
p-39n,p-39_group,,,standard,vehicle,0,2,0
p-39q_5,p-39n,,,standard,vehicle,0,2,1
f4u_group,f4f_group,F4U,,standard,folder,,,
f4u-1a,f4u_group,,,standard,vehicle,2,2,0
f4u-1a_usmc,f4u-1a,,,standard,vehicle,2,2,1
f4u-1d,f4u-1a_usmc,,,standard,vehicle,2,2,2
sb2c_group,a-20g,SB2C,,standard,folder,,,
sb2c_1c,sb2c_group,,,standard,vehicle,3,2,0
sb2c_4,sb2c_1c,,,standard,vehicle,3,2,1
p-51_early_group,p-51c-10-nt,P-51 early,,standard,folder,,,
p-51_mk1a_usaaf,p-51_early_group,,,standard,vehicle,1,0,0
p-51d-5,p-51_mk1a_usaaf,,,standard,vehicle,1,0,1
pbj_group,sb2c_group,PBJ,,standard,folder,,,
pbj_1j,pbj_group,,,standard,vehicle,3,0,0
pbj_1h,pbj_1j,,,standard,vehicle,3,0,1
p-63_group,p-63a-5,P-63,,standard,folder,,,
p-63a-10,p-63_group,,,standard,vehicle,0,1,0
p-63c-5,p-63a-10,,,standard,vehicle,0,1,1
p-47_ealy_group,p-51_early_group,P-47 early,,standard,folder,,,
p-47d_22_re,p-47_ealy_group,,,standard,vehicle,1,1,0
p-47d,p-47d_22_re,,,standard,vehicle,1,1,1
b-17_group,b_26b_c,B-17,,standard,folder,,,
b-17e,b-17_group,,,standard,vehicle,4,1,0
b-17e_late,b-17e,,,standard,vehicle,4,1,1
p-38_late_group,p-63_group,P-38 (l),,standard,folder,,,
p-38j,p-38_late_group,,,standard,vehicle,0,2,0
p-38l,p-38j,,,standard,vehicle,0,2,1
p-47_group,p-47_ealy_group,P-47,,standard,folder,,,
p-47d-28,p-47_group,,,standard,vehicle,1,2,0
p-47n-15,p-47d-28,,,standard,vehicle,1,2,1
f4u_late_group,f6f-5n,F4U late,,standard,folder,,,
f4u-1c,f4u_late_group,,,standard,vehicle,2,0,0
f4u-4b,f4u-1c,,,standard,vehicle,2,0,1
a-26b_group,p-61c_1,A-26B,,standard,folder,,,
a-26b_10,a-26b_group,,,standard,vehicle,3,0,0
a-26b,a-26b_10,,,standard,vehicle,3,0,1
b-17_late_group,pb4y-2,B-17/B-24,,standard,folder,,,
b-17g,b-17_late_group,,,standard,vehicle,4,0,0
b_24d,b-17g,,,standard,vehicle,4,0,1
f8f1_group,f4u_late_group,F8F/F7F,,standard,folder,,,
f8f1b,f8f1_group,,,standard,vehicle,2,1,0
f7f1,f8f1b,,,standard,vehicle,2,1,1
douglas_ad_group,a-26b_group,AD/AM-1,,standard,folder,,,
douglas_ad_2,douglas_ad_group,,,standard,vehicle,3,1,0
douglas_ad_4,douglas_ad_2,,,standard,vehicle,3,1,1
am_1_mauler,douglas_ad_4,,,standard,vehicle,3,1,2
f-84_group,p-51h-5_na,F-84,,standard,folder,,,
f-84b,f-84_group,,,standard,vehicle,1,0,0
f-84g,f-84b,,,standard,vehicle,1,0,1
b_57_group,b-29,B-57,,standard,folder,,,
b-57,b_57_group,,,standard,vehicle,4,0,0
b-57b,b-57,,,standard,vehicle,4,0,1
f_86_group,f-84_group,F-86,,standard,folder,,,
f-86a-5,f_86_group,,,standard,vehicle,1,1,0
f-86f-25,f-86a-5,,,standard,vehicle,1,1,1
f9f_group,f2h-2,F9F,,standard,folder,,,
f9f-2,f9f_group,,,standard,vehicle,2,1,0
f9f-5,f9f-2,,,standard,vehicle,2,1,1
f9f-8,f9f-5,,,standard,vehicle,2,1,2
f-104_group,f-80,F-104,,standard,folder,,,
f-104a,f-104_group,,,standard,vehicle,0,0,0
f-104c,f-104a,,,standard,vehicle,0,0,1
a_4b_group,f-84f,A-4B/FJ-4B,,standard,folder,,,
a_4b,a_4b_group,,,standard,vehicle,3,0,0
fj_4b,a_4b,,,standard,vehicle,3,0,1
a_7_group,a_10a_late,A-7,,standard,folder,,,
a_7d,a_7_group,,,standard,vehicle,3,1,0
a_7e,a_7d,,,standard,vehicle,3,1,1
f_16_group,f-5e,F-16 early,,standard,folder,,,
f_16a_block_10,f_16_group,,,standard,vehicle,0,0,0
f_16a_block_15_adf,f_16a_block_10,,,standard,vehicle,0,0,1
f_14_group,fa_18a,F-14,,standard,folder,,,
f_14a_early,f_14_group,,,standard,vehicle,2,1,0
f_14b,f_14a_early,,,standard,vehicle,2,1,1
he51_group,,,,standard,folder,,,
he51a1,he51_group,,,standard,vehicle,1,0,0
he51b1,he51a1,,,standard,vehicle,1,0,1
he51c1,he51b1,,,standard,vehicle,1,0,2
he51c1_late,he51_group,,,standard,vehicle,1,0,3
do_17_group,,,,standard,folder,,,
do_17e_1,do_17_group,,,standard,vehicle,4,0,0
do_17z_2,do_17e_1,,,standard,vehicle,4,0,1
he_112_group,he51_group,,,standard,folder,,,
he_112v_5,he_112_group,,,standard,vehicle,1,1,0
he_112a_0,he_112v_5,,,standard,vehicle,1,1,1
do_217j_group,do_17z_7,,,standard,folder,,,
do_217j_1,do_217j_group,,,standard,vehicle,2,1,0
do_217j_2,do_217j_1,,,standard,vehicle,2,1,1
ju-87br_group,hs-123a-1,,,standard,folder,,,
ju-87b-2,ju-87br_group,,,standard,vehicle,3,1,0
ju-87r-2,ju-87b-2,,,standard,vehicle,3,1,1
he_111_bv_138_group,do_17_group,,,standard,folder,,,
he_115c_1,he_111_bv_138_group,,,standard,vehicle,4,1,0
bv-138c-1,he_115c_1,,,standard,vehicle,4,1,1
ju-87g_group,ju-87br_group,,,standard,folder,,,
ju-87g_1,ju-87g_group,,,standard,vehicle,3,2,0
ju-87g_2,ju-87g_1,,,standard,vehicle,3,2,1
fiat_group,,,,standard,folder,,,
fiat_cr42,fiat_group,,,standard,vehicle,0,3,0
fiat_g50_seria2,fiat_cr42,,,standard,vehicle,0,3,1
fiat_g50_seria7as,fiat_g50_seria2,,,standard,vehicle,0,3,2
mc200_group,,,,standard,folder,,,
mc200_serie3,mc200_group,,,standard,vehicle,0,4,0
mc200_serie7,mc200_serie3,,,standard,vehicle,0,4,1
mc-202,mc200_serie7,,,standard,vehicle,0,4,2
hs-129_group,,,,standard,folder,,,
hs-129b-3,hs-129_group,,,standard,vehicle,3,0,0
hs-129b-2,hs-129b-3,,,standard,vehicle,3,0,1
bf-109e_group,bf-109e-1,,,standard,folder,,,
bf-109e-3,bf-109e_group,,,standard,vehicle,0,1,0
bf-109e-4,bf-109e-3,,,standard,vehicle,0,1,1
do_217n_group,ju-88c-6,,,standard,folder,,,
do_217n_1,do_217n_group,,,standard,vehicle,2,1,0
do_217n_2,do_217n_1,,,standard,vehicle,2,1,1
ju-87d_group,hs-129_group,,,standard,folder,,,
ju-87d-3,ju-87d_group,,,standard,vehicle,3,1,0
ju-87d-5,ju-87d-3,,,standard,vehicle,3,1,1
ju-88a_group,fw_200c_1,,,standard,folder,,,
ju-88a-1,ju-88a_group,,,standard,vehicle,4,1,0
ju-88a-4,ju-88a-1,,,standard,vehicle,4,1,1
bf-109f_early_group,bf-109e_group,,,standard,folder,,,
bf-109f-1,bf-109f_early_group,,,standard,vehicle,0,2,0
bf-109f-2,bf-109f-1,,,standard,vehicle,0,2,1
bf_110cf_group,do_217n_group,,,standard,folder,,,
bf-110c-4,bf_110cf_group,,,standard,vehicle,2,2,0
bf-110f-2,bf-110c-4,,,standard,vehicle,2,2,1
me-410a-1_group,ju-87d_group,,,standard,folder,,,
me-410a-1_u4,me-410a-1_group,,,standard,vehicle,3,2,0
me-410b-2_u4,me-410a-1_u4,,,standard,vehicle,3,2,1
he-111h_group,ju-88a_group,,,standard,folder,,,
he-111h-6,he-111h_group,,,standard,vehicle,4,2,0
he-111h-16_winter,he-111h-6,,,standard,vehicle,4,2,1
sm_79_group,,,,standard,folder,,,
sm_79_1936,sm_79_group,,,standard,vehicle,1,4,0
sm_79_1939,sm_79_group,,,standard,vehicle,1,4,1
sm_79_1941,sm_79_group,,,standard,vehicle,1,4,2
sm_79_1943,sm_79_group,,,standard,vehicle,1,4,3
sm_79_iar,sm_79_group,,,standard,vehicle,1,4,4
sm_79_1937,sm_79_group,,,standard,vehicle,1,4,5
sm_79_1942,sm_79_group,,,standard,vehicle,1,4,6
bf-109f_group,bf-109f_early_group,,,standard,folder,,,
bf-109f-4,bf-109f_group,,,standard,vehicle,0,0,0
bf-109f-4_trop,bf-109f-4,,,standard,vehicle,0,0,1
fw-190a-4_group,fw-190a-1,,,standard,folder,,,
fw-190a-4,fw-190a-4_group,,,standard,vehicle,1,0,0
fw-190a-5_u2,fw-190a-4,,,standard,vehicle,1,0,1
bf_110g_group,bf_110cf_group,,,standard,folder,,,
bf-110g-2,bf_110g_group,,,standard,vehicle,2,0,0
bf_110g_4,bf-110g-2,,,standard,vehicle,2,0,1
me-410a_group,me-410a-1_group,,,standard,folder,,,
me-410a-1,me-410a_group,,,standard,vehicle,3,0,0
me-410b-1,me-410a-1,,,standard,vehicle,3,0,1
me-410a_u2_group,bf_110g_group,,,standard,folder,,,
me-410a-1_u2,me-410a_u2_group,,,standard,vehicle,2,1,0
me-410b-1_u2,me-410a-1_u2,,,standard,vehicle,2,1,1
do_335_group,me-410a_group,,,standard,folder,,,
do_335a_1,do_335_group,,,standard,vehicle,3,1,0
do_335a_0,do_335a_1,,,standard,vehicle,3,1,1
do_217e_group,me_264,,,standard,folder,,,
do_217e_2,do_217e_group,,,standard,vehicle,4,1,0
do_217e_4,do_217e_2,,,standard,vehicle,4,1,1
bf-109g_2_group,bf-109f_group,,,standard,folder,,,
bf-109g-2,bf-109g_2_group,,,standard,vehicle,0,0,0
bf-109g-6,bf-109g-2,,,standard,vehicle,0,0,1
fw-190a-5_group,fw-190d-9,,,standard,folder,,,
fw-190a-5_cannons,fw-190a-5_group,,,standard,vehicle,1,0,0
fw-190a-8,fw-190a-5_cannons,,,standard,vehicle,1,0,1
do_217k_group,do_217e_group,,,standard,folder,,,
do_217k_1,do_217k_group,,,standard,vehicle,4,0,0
do_217m_1,do_217k_1,,,standard,vehicle,4,0,1
bf-109g_group,bf-109g_2_group,,,standard,folder,,,
bf-109g-14,bf-109g_group,,,standard,vehicle,0,1,0
bf-109g-10,bf-109g-14,,,standard,vehicle,0,1,1
fw-190d_group,fw-190a-5_group,,,standard,folder,,,
fw-190a-5,fw-190d_group,,,standard,vehicle,1,1,0
fw-190d-12,fw-190a-5,,,standard,vehicle,1,1,1
ta-152_group,fw-190d_group,,,standard,folder,,,
ta-152h-1,ta-152_group,,,standard,vehicle,1,2,0
ta-152c,ta-152h-1,,,standard,vehicle,1,2,1
me-262a_group,bf-109k-4,,,standard,folder,,,
me-262a-1a,me-262a_group,,,standard,vehicle,0,0,0
me-262c-1a,me-262a-1a,,,standard,vehicle,0,0,1
me-262c-2b,me-262c-1a,,,standard,vehicle,0,0,2
arado_234_group,he-177a-5,,,standard,folder,,,
arado-234,arado_234_group,,,standard,vehicle,4,0,0
arado-234c-3,arado-234,,,standard,vehicle,4,0,1
me-163_group,me-262a_group,,,standard,folder,,,
me-163b,me-163_group,,,standard,vehicle,0,1,0
me-163b-0,me-163b,,,standard,vehicle,0,1,1
f-86_german_group,me-163_group,,,standard,folder,,,
f-86_canadair_german,f-86_german_group,,,standard,vehicle,0,0,0
f-86_cl_13b_mk6,f-86_canadair_german,,,standard,vehicle,0,0,1
mig_21_germany_group,mig-19s,,,standard,folder,,,
mig-21_mf,mig_21_germany_group,,,standard,vehicle,1,0,0
mig-21_bis_sau,mig-21_mf,,,standard,vehicle,1,0,1
i-15_group,,,,standard,folder,,,
i-15_1934,i-15_group,,,standard,vehicle,2,0,0
i-15_1935,i-15_1934,,,standard,vehicle,2,0,1
i-15_1935_moscow,i-15_1935,,,standard,vehicle,2,0,2
sb_group,,,,standard,folder,,,
sb_2m_100,sb_group,,,standard,vehicle,4,0,0
sb_2m_103c,sb_2m_100,,,standard,vehicle,4,0,1
i-153_group,i-15_group,,,standard,folder,,,
i-15bis,i-153_group,,,standard,vehicle,2,1,0
i-153_m62,i-15bis,,,standard,vehicle,2,1,1
su-2_group,,,,standard,folder,,,
bb-1,su-2_group,,,standard,vehicle,3,1,0
su-2_mv5,bb-1,,,standard,vehicle,3,1,1
su-2_tss1,su-2_mv5,,,standard,vehicle,3,1,2
su-2_m82,su-2_tss1,,,standard,vehicle,3,1,3
i-16_group,mig_3_series_1_15,,,standard,folder,,,
i-16_type10,i-16_group,,,standard,vehicle,1,2,0
i-16_type18,i-16_type10,,,standard,vehicle,1,2,1
i-16_type24,i-16_type18,,,standard,vehicle,1,2,2
pe-3_group,su-2_group,,,standard,folder,,,
pe-3_early,pe-3_group,,,standard,vehicle,3,2,0
pe-3,pe-3_early,,,standard,vehicle,3,2,1
ar_group,yak-4,,,standard,folder,,,
ar_2,ar_group,,,standard,vehicle,4,2,0
sb_2m_103u_mv3,ar_2,,,standard,vehicle,4,2,1
sb_2m_105,sb_2m_103u_mv3,,,standard,vehicle,4,2,2
sb_2m_103u,ar_group,,,standard,vehicle,4,2,3
sb_2m_103_mv3,ar_group,,,standard,vehicle,4,2,4
yak-1_group,,,,standard,folder,,,
yak-1_early,yak-1_group,,,standard,vehicle,0,0,0
yak-1b,yak-1_early,,,standard,vehicle,0,0,1
mig-3_group,,,,standard,folder,,,
mig_3_series_1_15_bk_pod,mig-3_group,,,standard,vehicle,1,0,0
mig_3_series_34,mig_3_series_1_15_bk_pod,,,standard,vehicle,1,0,1
lagg-3_group,,,,standard,folder,,,
lagg-3-8,lagg-3_group,,,standard,vehicle,2,0,0
lagg-3-11,lagg-3-8,,,standard,vehicle,2,0,1
db_3_group,,,,standard,folder,,,
db_3b,db_3_group,,,standard,vehicle,4,0,0
il-4,db_3b,,,standard,vehicle,4,0,1
lagg-3_late_group,lagg-3_group,,,standard,folder,,,
lagg-3-35,lagg-3_late_group,,,standard,vehicle,2,1,0
lagg-3-66,lagg-3-35,,,standard,vehicle,2,1,1
il-2i_group,il_2_1941,,,standard,folder,,,
il-2i,il-2i_group,,,standard,vehicle,3,1,0
il_2_37_1943,il-2i,,,standard,vehicle,3,1,1
pe-2_early_group,db_3_group,,,standard,folder,,,
pe-2-1,pe-2_early_group,,,standard,vehicle,4,1,0
pe-2-31,pe-2-1,,,standard,vehicle,4,1,1
pe-2-83,pe-2-31,,,standard,vehicle,4,1,2
yak-9_group,yak-7b,,,standard,folder,,,
yak-9,yak-9_group,,,standard,vehicle,0,2,0
yak-9b,yak-9,,,standard,vehicle,0,2,1
la_5_group,lagg-3_late_group,,,standard,folder,,,
la-5_type37_early,la_5_group,,,standard,vehicle,2,2,0
la-5_type39,la-5_type37_early,,,standard,vehicle,2,2,1
yak-9tk_group,yak-9_group,,,standard,folder,,,
yak-9t,yak-9tk_group,,,standard,vehicle,0,0,0
yak-9k,yak-9t,,,standard,vehicle,0,0,1
il-2m_group,pe-3_bis,,,standard,folder,,,
il_2m_1943,il-2m_group,,,standard,vehicle,3,0,0
il-2m,il_2m_1943,,,standard,vehicle,3,0,1
er-2_group,pe-2_early_group,,,standard,folder,,,
er-2_m105_mv3,er-2_group,,,standard,vehicle,4,0,0
er-2_m105r_lu2b,er-2_m105_mv3,,,standard,vehicle,4,0,1
er-2_m105_tat,er-2_group,,,standard,vehicle,4,0,2
er-2_m105r_tat,er-2_group,,,standard,vehicle,4,0,3
yak-3_group,yak-9tk_group,,,standard,folder,,,
yak-3,yak-3_group,,,standard,vehicle,0,1,0
yak-9u,yak-3,,,standard,vehicle,0,1,1
pe-2_late_group,er-2_group,,,standard,folder,,,
pe-2-110,pe-2_late_group,,,standard,vehicle,4,1,0
pe-2-359,pe-2-110,,,standard,vehicle,4,1,1
yak-9up_group,yak-3_group,,,standard,folder,,,
yak-3p,yak-9up_group,,,standard,vehicle,0,0,0
yak-9p,yak-3p,,,standard,vehicle,0,0,1
er-2_late_group,pe-8_m82,,,standard,folder,,,
er-2_ach30b_early,er-2_late_group,,,standard,vehicle,4,0,0
er-2_ach30b_late,er-2_ach30b_early,,,standard,vehicle,4,0,1
yak-3up_group,yak-9up_group,,,standard,folder,,,
yak-3u,yak-3up_group,,,standard,vehicle,0,1,0
yak-9ut,yak-3u,,,standard,vehicle,0,1,1
il-10_group,su-6_am42,,,standard,folder,,,
il-10,il-10_group,,,standard,vehicle,3,1,0
il-10_1946,il-10,,,standard,vehicle,3,1,1
tu-2_group,er-2_late_group,,,standard,folder,,,
tu-2,tu-2_group,,,standard,vehicle,4,1,0
tu-2_postwar,tu-2,,,standard,vehicle,4,1,1
tu-2_postwar_late,tu-2_postwar,,,standard,vehicle,4,1,2
yak-15_group,yak-3up_group,,,standard,folder,,,
yak-15_early,yak-15_group,,,standard,vehicle,0,0,0
yak-15,yak-15_early,,,standard,vehicle,0,0,1
yak-17,yak-15,,,standard,vehicle,0,0,2
mig-9_group,i_225,,,standard,folder,,,
mig-9,mig-9_group,,,standard,vehicle,1,0,0
mig-9_ussr,mig-9,,,standard,vehicle,1,0,1
il_28_group,il-10_group,,,standard,folder,,,
il_28,il_28_group,,,standard,vehicle,3,0,0
il_28sh,il_28,,,standard,vehicle,3,0,1
mig-15_group,mig-9_group,,,standard,folder,,,
mig-15_ns23,mig-15_group,,,standard,vehicle,1,1,0
mig-15,mig-15_ns23,,,standard,vehicle,1,1,1
la_200_group,su-9,,,standard,folder,,,
la_200_toriy,la_200_group,,,standard,vehicle,2,1,0
la-15,la_200_toriy,,,standard,vehicle,2,1,1
su-7_group,la_200_group,,,standard,folder,,,
su-7b,su-7_group,,,standard,vehicle,2,0,0
su-7bkl,su-7b,,,standard,vehicle,2,0,1
mig-19_group,mig-17,,,standard,folder,,,
mig-19pt,mig-19_group,,,standard,vehicle,1,1,0
mig-21_f13,mig-19pt,,,standard,vehicle,1,1,1
mig-21_group,mig-19_group,,,standard,folder,,,
mig-21_smt,mig-21_group,,,standard,vehicle,1,0,0
mig-21_bis,mig-21_smt,,,standard,vehicle,1,0,1
mig_27_group,yak-28b,,,standard,folder,,,
mig_27m,mig_27_group,,,standard,vehicle,4,0,0
mig_27k,mig_27m,,,standard,vehicle,4,0,1
mig-23m_group,mig-21_group,,,standard,folder,,,
mig_23m,mig-23m_group,,,standard,vehicle,1,1,0
mig_23mld,mig_23m,,,standard,vehicle,1,1,1
fury_group,,,,standard,folder,,,
fury_mk1,fury_group,,,standard,vehicle,0,0,0
fury_mk2,fury_mk1,,,standard,vehicle,0,0,1
blenheim_group,v_156_b1,,,standard,folder,,,
blenheim_mkiv,blenheim_group,,,standard,vehicle,3,1,0
beaufort_mkviii,blenheim_mkiv,,,standard,vehicle,3,1,1
hampden_group,swordfish_mk1,,,standard,folder,,,
hp52_hampden_mk1_late,hampden_group,,,standard,vehicle,4,1,0
hp52_hampden_tbmk1,hp52_hampden_mk1_late,,,standard,vehicle,4,1,1
hurricane_group,,,,standard,folder,,,
hurricanemkii,hurricane_group,,,standard,vehicle,0,0,0
hurricane_mk1,hurricanemkii,,,standard,vehicle,0,0,1
spitfire_mk1_group,,,,standard,folder,,,
spitfire_mk1,spitfire_mk1_group,,,standard,vehicle,1,0,0
spitfiremkiia,spitfire_mk1,,,standard,vehicle,1,0,1
sunderland_group,,,,standard,folder,,,
sunderland_mk3a,sunderland_group,,,standard,vehicle,4,0,0
sunderland_mk5,sunderland_mk3a,,,standard,vehicle,4,0,1
beaufighter_group,hurricane_mk4,,,standard,folder,,,
beaufighter_mk6c,beaufighter_group,,,standard,vehicle,3,1,0
beaufighter_mkx,beaufighter_mk6c,,,standard,vehicle,3,1,1
beaufighter_mk21,beaufighter_mkx,,,standard,vehicle,3,1,2
wellington_group,sunderland_group,,,standard,folder,,,
wellington_mk1c,wellington_group,,,standard,vehicle,4,1,0
wellington_mk1c_late,wellington_mk1c,,,standard,vehicle,4,1,1
spitfire_mk5b_group,spitfiremkii,,,standard,folder,,,
spitfire_mk5b,spitfire_mk5b_group,,,standard,vehicle,1,2,0
spitfire_mk5b_notrop,spitfire_mk5b,,,standard,vehicle,1,2,1
wellington_late_group,wellington_group,,,standard,folder,,,
wellington_mk3,wellington_late_group,,,standard,vehicle,4,2,0
wellington_mk10,wellington_mk3,,,standard,vehicle,4,2,1
spitfire_mk9_group,spitfire_mk5b_group,,,standard,folder,,,
spitfire_ix_early,spitfire_mk9_group,,,standard,vehicle,1,0,0
spitfire_xvi,spitfire_ix_early,,,standard,vehicle,1,0,1
firefly_group,firebrand_tf4,,,standard,folder,,,
firefly_mk1,firefly_group,,,standard,vehicle,2,0,0
firefly_mk5,firefly_mk1,,,standard,vehicle,2,0,1
mosquito_group,tempest_mkv_vikkers,,,standard,folder,,,
mosquito_fb_mk6,mosquito_group,,,standard,vehicle,3,0,0
mosquito_fb_mk18,mosquito_fb_mk6,,,standard,vehicle,3,0,1
spitfire_mk5c_group,spitfire_mk9_group,,,standard,folder,,,
spitfire_mk5c,spitfire_mk5c_group,,,standard,vehicle,1,1,0
spitfire_mk5c_notrop,spitfire_mk5c,,,standard,vehicle,1,1,1
brigand_group,mosquito_group,,,standard,folder,,,
brigand_b1,brigand_group,,,standard,vehicle,3,1,0
whirlwind_mk1,brigand_b1,,,standard,vehicle,3,1,1
stirling_group,halifax_mk3,,,standard,folder,,,
stirling_mk1,stirling_group,,,standard,vehicle,4,1,0
stirling_mk3,stirling_mk1,,,standard,vehicle,4,1,1
spitfire_mk9e_group,spitfire_mk5c_group,,,standard,folder,,,
spitfire_mk14e,spitfire_mk9e_group,,,standard,vehicle,1,0,0
spitfire_mk18e,spitfire_mk14e,,,standard,vehicle,1,0,1
spitfire_ix,spitfire_mk18e,,,standard,vehicle,1,0,2
seafire_group,seafire_mk3,,,standard,folder,,,
seafire_mk17,seafire_group,,,standard,vehicle,2,0,0
seafire_fr47,seafire_mk17,,,standard,vehicle,2,0,1
lancaster_group,stirling_group,,,standard,folder,,,
lancaster_mk1,lancaster_group,,,standard,vehicle,4,0,0
lancaster_mk3,lancaster_mk1,,,standard,vehicle,4,0,1
spitfire_griffon_group,spitfire_mk9e_group,,,standard,folder,,,
spitfire_f22,spitfire_griffon_group,,,standard,vehicle,1,1,0
spitfire_f24,spitfire_f22,,,standard,vehicle,1,1,1
lincoln_group,lancaster_group,,,standard,folder,,,
lincoln_b2,lincoln_group,,,standard,vehicle,4,1,0
shackleton_mr_mk_2,lincoln_b2,,,standard,vehicle,4,1,1
meteor3_group,spitfire_griffon_group,,,standard,folder,,,
meteor_fmk3,meteor3_group,,,standard,vehicle,1,0,0
meteor_fmk3_navy,meteor_fmk3,,,standard,vehicle,1,0,1
canberra_group,lincoln_group,,,standard,folder,,,
canberra_bmk2,canberra_group,,,standard,vehicle,4,0,0
canberra_bimk6,canberra_bmk2,,,standard,vehicle,4,0,1
meteor4_group,meteor3_group,,,standard,folder,,,
meteor_fmk4_lw,meteor4_group,,,standard,vehicle,1,1,0
meteor_fmk4_sw,meteor_fmk4_lw,,,standard,vehicle,1,1,1
meteor_fmk8,meteor_fmk4_sw,,,standard,vehicle,1,1,2
sea_hawk_group,attaker_fb1,,,standard,folder,,,
sea_hawk_fga6,sea_hawk_group,,,standard,vehicle,2,1,0
sea_venom_faw20,sea_hawk_fga6,,,standard,vehicle,2,1,1
ki-10_group,,,,standard,folder,,,
ki_10_1,ki-10_group,,,standard,vehicle,1,0,0
ki_10_2,ki_10_1,,,standard,vehicle,1,0,1
ki_10_1_commander,ki_10_2,,,standard,vehicle,1,0,2
ki_10_2_commander,ki-10_group,,,standard,vehicle,1,0,3
ki-45_eraly_group,,,,standard,folder,,,
ki-45_tei,ki-45_eraly_group,,,standard,vehicle,2,0,0
ki-45_otsu,ki-45_tei,,,standard,vehicle,2,0,1
ki-45_group,ki-45_eraly_group,,,standard,folder,,,
ki-45_ko,ki-45_group,,,standard,vehicle,2,1,0
ki-45_hei,ki-45_ko,,,standard,vehicle,2,1,1
ki-43_group,ki-27_otsu,,,standard,folder,,,
ki_43_1,ki-43_group,,,standard,vehicle,1,2,0
ki_43_2,ki_43_1,,,standard,vehicle,1,2,1
a6m2_n1k1_group,,,,standard,folder,,,
a6m2_n_zero,a6m2_n1k1_group,,,standard,vehicle,0,0,0
n1k1_kyuofu,a6m2_n_zero,,,standard,vehicle,0,0,1
ki_44_group,,,,standard,folder,,,
ki_44_1,ki_44_group,,,standard,vehicle,1,0,0
ki_61_1a_ko,ki_44_1,,,standard,vehicle,1,0,1
b6n_group,,,,standard,folder,,,
b6n2,b6n_group,,,standard,vehicle,3,0,0
b6n2a,b6n2,,,standard,vehicle,3,0,1
a6m2_group,a6m2_n1k1_group,,,standard,folder,,,
a6m2_mod11,a6m2_group,,,standard,vehicle,0,1,0
a6m2_zero,a6m2_mod11,,,standard,vehicle,0,1,1
ki_61_group,ki_44_group,,,standard,folder,,,
ki_44_2_hei,ki_61_group,,,standard,vehicle,1,1,0
ki_61_1a_otsu,ki_44_2_hei,,,standard,vehicle,1,1,1
d4y_group,b6n_group,,,standard,folder,,,
d4y1,d4y_group,,,standard,vehicle,3,1,0
d4y2,d4y1,,,standard,vehicle,3,1,1
ki_49_1_group,h8k2,,,standard,folder,,,
ki-49_1,ki_49_1_group,,,standard,vehicle,4,2,0
ki-49_2a,ki-49_1,,,standard,vehicle,4,2,1
a6m3_mod22_group,a6m2_group,,,standard,folder,,,
a6m3_zero,a6m3_mod22_group,,,standard,vehicle,0,0,0
a6m3_mod22_zero,a6m3_zero,,,standard,vehicle,0,0,1
a6m3_mod22ko_zero,a6m3_mod22_zero,,,standard,vehicle,0,0,2
ki_49_2_group,ki_49_1_group,,,standard,folder,,,
ki-49_2b,ki_49_2_group,,,standard,vehicle,4,0,0
ki-49_2b_late,ki-49_2b,,,standard,vehicle,4,0,1
ki_61_late_group,ki_43_3_otsu,,,standard,folder,,,
ki_61_1a_tei,ki_61_late_group,,,standard,vehicle,1,1,0
ki_61_2_early,ki_61_1a_tei,,,standard,vehicle,1,1,1
ki_67_group,g5n1,,,standard,folder,,,
ki_67_1_ko,ki_67_group,,,standard,vehicle,4,2,0
ki_67_1_otsu,ki_67_1_ko,,,standard,vehicle,4,2,1
a6m5_group,a6m5_zero,,,standard,folder,,,
a6m5otsu,a6m5_group,,,standard,vehicle,0,0,0
a6m5hei,a6m5otsu,,,standard,vehicle,0,0,1
ki_84_group,ki_61_1a_hei,,,standard,folder,,,
ki_84_ko,ki_84_group,,,standard,vehicle,1,1,0
ki_84_otsu,ki_84_ko,,,standard,vehicle,1,1,1
j2m_group,j7w1,,,standard,folder,,,
j2m3,j2m_group,,,standard,vehicle,2,1,0
j2m5,j2m3,,,standard,vehicle,2,1,1
n1k2_group,a7m2,,,standard,folder,,,
n1k1_ja,n1k2_group,,,standard,vehicle,0,2,0
n1k2_j,n1k1_ja,,,standard,vehicle,0,2,1
n1k2_jko,n1k2_j,,,standard,vehicle,0,2,2
r2y2_group,b7a2,,,standard,folder,,,
r2y2_v1,r2y2_group,,,standard,vehicle,3,0,0
r2y2_v2,r2y2_v1,,,standard,vehicle,3,0,1
r2y2_kai,r2y2_v2,,,standard,vehicle,3,0,2
f-86_japan_group,kitsuka,,,standard,folder,,,
f-86f-30_japan,f-86_japan_group,,,standard,vehicle,0,1,0
f-86f-40_japan,f-86f-30_japan,,,standard,vehicle,0,1,1
ki_27_group,gladiator_mk1_china,,,standard,folder,,,
ki-27_otsu_china,ki_27_group,,,standard,vehicle,0,1,0
ki_43_3_ko,ki-27_otsu_china,,,standard,vehicle,0,1,1
i-16_china_group,i-15bis_china,,,standard,folder,,,
i-16_chung_28,i-16_china_group,,,standard,vehicle,1,1,0
i-16_type5_1935_china,i-16_chung_28,,,standard,vehicle,1,1,1
db_3_china_group,,,,standard,folder,,,
db_3a_china,db_3_china_group,,,standard,vehicle,3,0,0
sb_2m_103u_china,db_3a_china,,,standard,vehicle,3,0,1
p_40_china_group,p-66,,,standard,folder,,,
p-40e_china,p_40_china_group,,,standard,vehicle,0,1,0
p-43a-1_china,p-40e_china,,,standard,vehicle,0,1,1
p_47_china_group,p_40_china_group,,,standard,folder,,,
p-47d_23_ra_china_rocaf,p_47_china_group,,,standard,vehicle,0,0,0
p-47d_30_china,p-47d_23_ra_china_rocaf,,,standard,vehicle,0,0,1
p_51_china_group,p_47_china_group,,,standard,folder,,,
p-51d-20_china,p_51_china_group,,,standard,vehicle,0,1,0
p-51k,p-51d-20_china,,,standard,vehicle,0,1,1
f_86_china_group,p_51_china_group,,,standard,folder,,,
f-86f-30_china,f_86_china_group,,,standard,vehicle,0,0,0
f-86f-40_china,f-86f-30_china,,,standard,vehicle,0,0,1
mig-9_china_group,la-9_china,,,standard,folder,,,
mig-9_china,mig-9_china_group,,,standard,vehicle,1,0,0
mig-9_late_china,mig-9_china,,,standard,vehicle,1,0,1
mig-15_china_group,mig-9_china_group,,,standard,folder,,,
mig-15bis_nr23_china,mig-15_china_group,,,standard,vehicle,1,1,0
mig-17_china,mig-15bis_nr23_china,,,standard,vehicle,1,1,1
mig-19_china_group,mig-15_china_group,,,standard,folder,,,
mig-19j_6a,mig-19_china_group,,,standard,vehicle,1,0,0
j_7_mk2,mig-19j_6a,,,standard,vehicle,1,0,1
f_5a_china_group,f-104g_china,,,standard,folder,,,
f-5a_china,f_5a_china_group,,,standard,vehicle,0,1,0
f-5e_aidc,f-5a_china,,,standard,vehicle,0,1,1
j_11_group,j_8f,,,standard,folder,,,
j_11,j_11_group,,,standard,vehicle,1,1,0
j_11a,j_11,,,standard,vehicle,1,1,1
cr_32_group,,,,standard,folder,,,
cr_32,cr_32_group,,,standard,vehicle,1,0,0
cr_32_quater,cr_32,,,standard,vehicle,1,0,1
ba_65_group,,,,standard,folder,,,
ba_65_k14_l,ba_65_group,,,standard,vehicle,2,0,0
ju-87r-2_italy,ba_65_k14_l,,,standard,vehicle,2,0,1
re_2000_group,ro_44,,,standard,folder,,,
re_2000_int,re_2000_group,,,standard,vehicle,0,1,0
re_2000_ga,re_2000_int,,,standard,vehicle,0,1,1
breda_group,ba_65_group,,,standard,folder,,,
breda_88,breda_group,,,standard,vehicle,2,1,0
p_108a_serie2,breda_88,,,standard,vehicle,2,1,1
br_20_dr_group,s_81_ar125,,,standard,folder,,,
br_20_dr,br_20_dr_group,,,standard,vehicle,3,1,0
br_20m_m1,br_20_dr,,,standard,vehicle,3,1,1
fiat_g50_italy_group,fiat_cr42_italy,,,standard,folder,,,
fiat_g50_seria2_italy,fiat_g50_italy_group,,,standard,vehicle,1,2,0
fiat_g50_seria7as_italy,fiat_g50_seria2_italy,,,standard,vehicle,1,2,1
sm_79_italy_group,br_20_dr_group,,,standard,folder,,,
sm_79_1936_italy,sm_79_italy_group,,,standard,vehicle,3,2,0
sm_79_1939_italy,sm_79_1936_italy,,,standard,vehicle,3,2,1
mc_200_italy_group,,,,standard,folder,,,
mc200_serie3_italy,mc_200_italy_group,,,standard,vehicle,1,0,0
mc200_serie7_italy,mc200_serie3_italy,,,standard,vehicle,1,0,1
sm_79_1941_group,,,,standard,folder,,,
sm_79_1941_italy,sm_79_1941_group,,,standard,vehicle,3,0,0
sm_79_1943_italy,sm_79_1941_italy,,,standard,vehicle,3,0,1
sm_79_iar_italy,sm_79_1943_italy,,,standard,vehicle,3,0,2
re_2001_group,re_2002_early,,,standard,folder,,,
re_2001_serie1,re_2001_group,,,standard,vehicle,0,1,0
re_2001_cb,re_2001_serie1,,,standard,vehicle,0,1,1
mc_202_italy_group,mc_200_italy_group,,,standard,folder,,,
mc-202_italy,mc_202_italy_group,,,standard,vehicle,1,1,0
mc-205_serie1,mc-202_italy,,,standard,vehicle,1,1,1
z_1007_group,sm_79_1941_group,,,standard,folder,,,
z_1007_bis_serie3,z_1007_group,,,standard,vehicle,3,1,0
z_1007_bis_serie5,z_1007_bis_serie3,,,standard,vehicle,3,1,1
p_108_group,z_1007_group,,,standard,folder,,,
p_108b_serie1,p_108_group,,,standard,vehicle,3,0,0
p_108b_serie2,p_108b_serie1,,,standard,vehicle,3,0,1
g_55_serie_group,g_55_serie1_ss0,,,standard,folder,,,
g_55_serie1,g_55_serie_group,,,standard,vehicle,0,0,0
re_2005_serie0,g_55_serie1,,,standard,vehicle,0,0,1
fiat_g91_group,bf-109g-14as,,,standard,folder,,,
fiat_g91_ps,fiat_g91_group,,,standard,vehicle,1,0,0
fiat_g91_r1,fiat_g91_ps,,,standard,vehicle,1,0,1
fiat_g91y_group,sagittario_2,,,standard,folder,,,
fiat_g91_y,fiat_g91y_group,,,standard,vehicle,1,1,0
fiat_g91_ys,fiat_g91_y,,,standard,vehicle,1,1,1
mig-21_hungary_group,mig-17pf_hungary,,,standard,folder,,,
mig-21_mf_hungary,mig-21_hungary_group,,,standard,vehicle,4,0,0
mig-21_bis_sau_hungary,mig-21_mf_hungary,,,standard,vehicle,4,0,1
tornado_ids_it_group,tornado_ids_it,,,standard,folder,,,
tornado_ids_it_mod95,tornado_ids_it_group,,,standard,vehicle,2,0,0
tornado_ids_it_ret8,tornado_ids_it_mod95,,,standard,vehicle,2,0,1
d_371_group,,,,standard,folder,,,
d_371,d_371_group,,,standard,vehicle,0,0,0
d_373,d_371,,,standard,vehicle,0,0,1
d_500_group,,,,standard,folder,,,
d_500,d_500_group,,,standard,vehicle,1,0,0
d_501,d_500,,,standard,vehicle,1,0,1
h-75_france_group,d_500_group,,,standard,folder,,,
h-75a-1_france,h-75_france_group,,,standard,vehicle,1,1,0
h-75a-4_france,h-75a-1_france,,,standard,vehicle,1,1,1
ms_405_406_group,caudron_cr714,,,standard,folder,,,
ms_405c1,ms_405_406_group,,,standard,vehicle,0,2,0
ms_406c1,ms_405c1,,,standard,vehicle,0,2,1
maryland_group,f_222_2,,,standard,folder,,,
maryland_mk1_france,maryland_group,,,standard,vehicle,3,2,0
mb_174_a3,maryland_mk1_france,,,standard,vehicle,3,2,1
potez_group,,,,standard,folder,,,
potez_630,potez_group,,,standard,vehicle,1,0,0
potez_631,potez_630,,,standard,vehicle,1,0,1
vg_33_group,ms_410c1,,,standard,folder,,,
vg_33,vg_33_group,,,standard,vehicle,0,1,0
d_520_france,vg_33,,,standard,vehicle,0,1,1
leo_451_group,nc_223_3,,,standard,folder,,,
leo_451_early,leo_451_group,,,standard,vehicle,3,1,0
leo_451_late,leo_451_early,,,standard,vehicle,3,1,1
md_450b_group,sea_fury_fb51,,,standard,folder,,,
md_450b_ouragan,md_450b_group,,,standard,vehicle,0,0,0
md_450b_barougan,md_450b_ouragan,,,standard,vehicle,0,0,1
md_452_group,md_450b_group,,,standard,folder,,,
md_452_mystere_2a,md_452_group,,,standard,vehicle,0,1,0
md_452_mystere_2c_preproduction,md_452_mystere_2a,,,standard,vehicle,0,1,1
md_454_group,md_452_group,,,standard,folder,,,
md_454_mystere_4a,md_454_group,,,standard,vehicle,0,0,0
md_460,md_454_mystere_4a,,,standard,vehicle,0,0,1
so_4050_vautour_group,lancaster_mr7_france,,,standard,folder,,,
so_4050_vautour_2b,so_4050_vautour_group,,,standard,vehicle,3,0,0
so_4050_vautour_2a,so_4050_vautour_2b,,,standard,vehicle,3,0,1
mirage_3_group,md_454_group,,,standard,folder,,,
mirage_3c,mirage_3_group,,,standard,vehicle,0,0,0
mirage_3e,mirage_3c,,,standard,vehicle,0,0,1
gladiator_j8a_group,,,,standard,folder,,,
gladiator_j8a,gladiator_j8a_group,,,standard,vehicle,0,0,0
j6b,gladiator_j8a,,,standard,vehicle,0,0,1
saab_b17a_group,saab_b17bs,,,standard,folder,,,
saab_b17b,saab_b17a_group,,,standard,vehicle,1,1,0
saab_b17a,saab_b17b,,,standard,vehicle,1,1,1
saab_t18b_group,saab_b18b,,,standard,folder,,,
saab_t18b_1,saab_t18b_group,,,standard,vehicle,2,1,0
saab_t18b_2,saab_t18b_1,,,standard,vehicle,2,1,1
saab_j21a_group,ffvs_j22_b,,,standard,folder,,,
saab_j21a_1,saab_j21a_group,,,standard,vehicle,0,0,0
saab_j21a_2,saab_j21a_1,,,standard,vehicle,0,0,1
bf_109g_sweden_group,p-51d-20-na_j26,,,standard,folder,,,
bf-109g-2_finland,bf_109g_sweden_group,,,standard,vehicle,3,0,0
bf-109g-6_erla_finland,bf-109g-2_finland,,,standard,vehicle,3,0,1
vampire_fb_group,bf_109g_sweden_group,,,standard,folder,,,
vampire_fb5_j28b,vampire_fb_group,,,standard,vehicle,3,0,0
vampire_fb52_finland,vampire_fb5_j28b,,,standard,vehicle,3,0,1
saab_ja37d_group,saab_ja37,,,standard,folder,,,
saab_ja37d,saab_ja37d_group,,,standard,vehicle,0,0,0
saab_ja37di,saab_ja37d,,,standard,vehicle,0,0,1
a_4_iaf_group,md_450b_ouragan_iaf,,,standard,folder,,,
a_4h,a_4_iaf_group,,,standard,vehicle,1,0,0
a_4e_early_iaf,a_4h,,,standard,vehicle,1,0,1
so_4050_vautour_iaf_group,b-17g_iaf,,,standard,folder,,,
so_4050_vautour_2a_israel_iaf,so_4050_vautour_iaf_group,,,standard,vehicle,2,0,0
so_4050_vautour_2n_iaf,so_4050_vautour_2a_israel_iaf,,,standard,vehicle,2,0,1
md_460_iaf_group,md_454_mystere_4a_iaf,,,standard,folder,,,
md_460_sambad,md_460_iaf_group,,,standard,vehicle,0,1,0
md_460_saar,md_460_sambad,,,standard,vehicle,0,1,1
